source_account_id,transaction_count,total_transaction_amount,average_transaction_amount,max_transaction_amount,min_transaction_amount,transaction_amount_std,suspicious_transaction_count
ACC_000001,5,33327.56,6665.512,22219.56,312.58,8829.194774557305,0
ACC_000002,11,343047.76999999996,31186.160909090904,183158.41,2104.45,54992.07953655207,1
ACC_000003,14,292951.97,20925.140714285713,180862.21,1467.4,46588.01118121807,0
ACC_000004,17,279728.02,16454.589411764708,96336.5,2385.96,22698.79370290811,1
ACC_000005,12,777683.62,64806.96833333333,573467.74,3475.02,163166.40477126784,2
ACC_000006,13,503004.66000000003,38692.666153846156,312914.77,816.72,86252.04376809075,2
ACC_000007,13,1450715.89,111593.53,993531.07,4390.81,267674.98124551534,2
ACC_000008,12,98070.34,8172.528333333333,26723.47,1470.45,7370.869134354428,0
ACC_000009,4,45299.759999999995,11324.939999999999,27621.67,1433.21,11622.02723611218,0
ACC_000010,4,221877.16,55469.29,211273.11,648.27,103893.21985551895,1
ACC_000011,8,199018.2,24877.275,106043.9,4491.92,35650.49103936798,0
ACC_000012,11,231904.32,21082.21090909091,74438.68,1052.84,22559.535306256843,0
ACC_000013,8,145444.91,18180.61375,53932.39,640.58,20805.85027109919,0
ACC_000014,2,84950.98,42475.49,71402.58,13548.4,40909.08299798714,0
ACC_000015,7,96167.57,13738.224285714286,24318.4,1023.65,8311.046923139624,0
ACC_000016,9,217419.11,24157.678888888888,113947.01,1764.4,35453.35160423674,1
ACC_000017,9,67391.29,7487.921111111111,15939.34,1565.51,5187.905789748992,0
ACC_000018,11,408228.36,37111.66909090909,224730.02,888.64,65351.99894254565,1
ACC_000019,8,96655.58,12081.9475,40754.43,1662.33,13940.656775368276,0
ACC_000020,6,188021.64,31336.940000000002,155918.14,1004.95,61265.069394202765,1
ACC_000021,6,59730.41,9955.068333333335,38013.28,270.81,13958.67760722543,0
ACC_000022,7,206034.65,29433.52142857143,74550.69,2525.04,30479.0804261849,1
ACC_000023,13,404755.87,31135.066923076924,136301.91,2525.17,39539.69171453929,1
ACC_000024,14,79576.57,5684.040714285715,19402.47,957.83,5546.654800499077,0
ACC_000025,12,141049.03999999998,11754.086666666664,51045.53,2726.91,14913.162558095713,0
ACC_000026,13,439489.06999999995,33806.85153846153,287519.79,2289.07,76878.2673738003,2
ACC_000027,8,112363.17000000001,14045.396250000002,29007.34,4609.84,8338.206368636462,1
ACC_000028,8,102276.78,12784.5975,32793.61,2045.52,12413.756812089849,0
ACC_000029,8,193419.98,24177.4975,91730.38,1340.75,28779.154420406325,0
ACC_000030,9,86026.65,9558.516666666666,32542.91,374.35,11184.562587507615,0
ACC_000031,16,787005.5,49187.84375,522106.63,1704.35,126843.04646935171,4
ACC_000032,15,526419.18,35094.612,115841.09,659.6,37876.627133254275,1
ACC_000033,14,708226.33,50587.594999999994,378065.81,1124.98,108604.23531522883,2
ACC_000034,16,154551.25,9659.453125,25345.82,388.34,8277.442093857835,0
ACC_000035,13,486362.45999999996,37412.49692307692,185022.18,1033.96,53213.9720827515,0
ACC_000036,8,303757.37,37969.67125,183876.52,3587.55,61890.52274944211,0
ACC_000037,7,106385.11,15197.872857142856,31724.91,958.66,11463.067066086218,0
ACC_000038,6,296949.92000000004,49491.65333333334,260051.6,3888.88,103194.4273273759,1
ACC_000039,13,191543.6,14734.123076923077,70840.8,1535.81,19177.692101872937,1
ACC_000040,6,74631.32,12438.553333333335,28195.96,2054.92,10731.893665568377,1
ACC_000041,13,201635.94999999998,15510.457692307691,58922.1,1236.02,15687.42323935916,0
ACC_000042,9,100414.03,11157.114444444444,33660.54,1312.95,10493.401669687613,0
ACC_000043,10,274223.87,27422.387,93361.98,1442.4,34905.5547997676,1
ACC_000044,11,113676.59,10334.235454545455,20820.38,576.23,6088.619061232791,0
ACC_000045,12,115329.68,9610.806666666665,28367.32,2805.6,7752.528657474908,0
ACC_000046,7,116880.66,16697.237142857142,60580.28,441.82,21128.43522007306,0
ACC_000047,11,4470546.33,406413.30272727273,4358174.02,2459.45,1310679.6298658785,1
ACC_000048,6,59985.13,9997.521666666666,19104.8,2355.4,6885.55475990836,1
ACC_000049,14,220303.9,15735.992857142857,135232.26,165.75,35020.700151898396,0
ACC_000050,11,1202145.71,109285.97363636363,1015318.81,3291.62,301353.95893443644,1
ACC_000051,12,343563.32,28630.27666666667,100262.76,1728.27,34558.874574311936,2
ACC_000052,14,210629.66,15044.975714285714,90422.23,2074.01,22982.967021741497,0
ACC_000053,10,255579.7,25557.97,129249.45,3609.96,38970.261209975084,0
ACC_000054,6,472817.74999999994,78802.95833333333,373894.55,1821.41,146088.49750451723,0
ACC_000055,4,115258.96999999999,28814.742499999997,83340.9,3815.98,37592.16197888275,0
ACC_000056,7,56102.450000000004,8014.635714285715,28551.46,435.99,10709.387259392042,0
ACC_000057,14,708661.51,50618.67928571429,407894.22,1512.8,104799.56146422203,2
ACC_000058,6,300993.69,50165.615,175010.9,3823.42,62885.35751697648,1
ACC_000059,6,70622.5,11770.416666666666,19216.4,3201.75,6444.858119830619,0
ACC_000060,11,402051.27,36550.115454545456,132796.25,4196.8,41086.1149165295,1
ACC_000061,9,211914.24,23546.026666666665,68226.55,1195.54,24351.628936754416,0
ACC_000062,13,476811.49,36677.806923076925,333687.2,853.88,90614.39113872158,0
ACC_000063,10,160528.11000000002,16052.811000000002,48827.67,753.58,14875.198237005448,0
ACC_000064,12,794616.7,66218.05833333333,287358.34,1731.6,86617.60839333871,3
ACC_000065,9,164185.65,18242.85,67366.06,1481.08,26320.78074581755,0
ACC_000066,7,86999.1,12428.442857142858,30229.79,2174.46,9583.231211057704,0
ACC_000067,6,146026.74,24337.789999999997,54820.74,1247.23,21518.994809484015,0
ACC_000068,10,322454.23,32245.423,109079.2,1112.24,34451.93161823266,1
ACC_000069,12,187598.1,15633.175000000001,55957.71,899.63,17122.542371711203,0
ACC_000070,8,120896.3,15112.0375,33367.18,4715.5,10155.86661748167,0
ACC_000071,10,131544.79,13154.479000000001,38226.89,1256.84,13364.794164614774,0
ACC_000072,8,206648.79,25831.09875,109772.27,5950.01,34666.24154792359,0
ACC_000073,9,163955.25,18217.25,43252.94,3284.85,14639.945314751862,1
ACC_000074,14,193202.46,13800.175714285713,114435.06,470.6,29366.74176075973,0
ACC_000075,10,213029.11,21302.911,98636.08,2526.84,29175.524055194488,0
ACC_000076,7,360756.07,51536.58142857143,339589.31,1328.97,127044.0309496577,0
ACC_000077,12,294612.71,24551.05916666667,99891.26,1093.04,30656.3243447839,1
ACC_000078,9,99421.66,11046.851111111111,33735.84,1051.53,9885.127315765138,0
ACC_000079,8,79540.44,9942.555,36649.05,1040.86,11767.324939522758,0
ACC_000080,13,188488.08000000002,14499.083076923078,69916.24,1609.79,18749.637268004408,0
ACC_000081,14,247146.96,17653.354285714286,64310.09,1515.44,16786.394040782285,0
ACC_000082,7,312544.35,44649.19285714285,143511.84,547.46,50156.58988264809,1
ACC_000083,6,137203.89,22867.315000000002,89977.19,3877.82,33295.66190578391,0
ACC_000084,5,46810.7,9362.14,15671.83,1961.81,5866.29547759913,0
ACC_000085,14,149467.13,10676.223571428573,30515.7,964.14,9663.358210051958,0
ACC_000086,12,299090.06,24924.171666666665,72016.65,1399.38,24415.56321008714,0
ACC_000087,11,291382.75,26489.340909090908,161235.42,2170.83,46262.19103186001,0
ACC_000088,4,215769.5,53942.375,112257.07,10161.46,42520.22281828142,0
ACC_000089,6,35052.58,5842.096666666667,13079.36,466.79,5363.427466568992,0
ACC_000090,5,19605.5,3921.1,7503.36,392.79,3369.545996896318,0
ACC_000091,12,172154.06,14346.171666666667,40310.32,500.51,14850.56933215132,0
ACC_000092,15,369992.65,24666.17666666667,180203.84,1271.38,47250.851488716755,2
ACC_000093,6,53598.009999999995,8933.001666666665,20181.01,3050.89,8220.456279765538,1
ACC_000094,4,80278.42,20069.605,50928.59,4658.64,21342.97242598993,1
ACC_000095,7,120000.39,17142.912857142856,60577.06,2152.03,20774.19514651347,0
ACC_000096,13,254430.53,19571.57923076923,60357.27,5055.8,16051.056365249746,1
ACC_000097,11,69311.41,6301.037272727273,12061.39,1208.32,3349.892981287883,1
ACC_000098,18,455956.04,25330.89111111111,338372.37,794.76,78342.23134643197,0
ACC_000099,14,581008.73,41500.62357142857,269202.68,702.22,75792.60392051715,1
ACC_000100,12,216778.49,18064.874166666665,80879.12,722.79,22361.380016706746,0
ACC_000101,12,262151.76,21845.98,116138.22,1518.47,31839.67895258054,1
ACC_000102,6,69237.66,11539.61,25932.26,2269.41,8233.221087552549,0
ACC_000103,9,82820.92,9202.324444444444,39035.64,1284.28,11751.999301654072,0
ACC_000104,11,120950.39,10995.49,26435.94,1177.1,8205.97945087605,0
ACC_000105,17,212305.63,12488.566470588235,58128.9,406.7,16312.275329667738,0
ACC_000106,8,47614.52,5951.815,15182.03,399.12,4597.378275598263,0
ACC_000107,11,141967.91,12906.173636363637,32854.17,2094.95,11675.492365976925,0
ACC_000108,3,10059.21,3353.0699999999997,5101.0,1712.47,1696.8128025507115,0
ACC_000109,10,177831.98,17783.198,99340.02,949.89,29432.22734863636,1
ACC_000110,19,294312.31,15490.121578947368,71320.44,316.12,20084.556487073805,0
ACC_000111,11,147653.23,13423.02090909091,66244.73,540.8,19391.686029732668,0
ACC_000112,2,4457.86,2228.93,3016.22,1441.64,1113.3961955207137,0
ACC_000113,11,197937.19999999998,17994.29090909091,107755.45,1818.59,30257.60092025587,0
ACC_000114,12,129638.37,10803.1975,44220.0,821.09,12998.596046673743,0
ACC_000115,13,437238.25999999995,33633.7123076923,210844.8,1372.88,56160.92781819449,2
ACC_000116,8,85350.20000000001,10668.775000000001,41321.72,2644.55,12707.880468701302,0
ACC_000117,10,170227.99,17022.799,56130.92,3129.26,18394.804304606987,1
ACC_000118,9,962975.52,106997.28,825114.78,1637.27,269509.24645918433,0
ACC_000119,10,179128.44,17912.844,79020.67,515.21,22286.060533346947,1
ACC_000120,12,125723.34,10476.945,35714.49,890.41,11101.573431077644,0
ACC_000121,15,392751.96,26183.464,194835.95,1678.74,51539.13106571741,2
ACC_000122,10,139405.46,13940.545999999998,34468.83,2732.91,11755.332399255334,0
ACC_000123,6,91734.94,15289.156666666668,28775.17,2521.49,9096.4854934852,0
ACC_000124,12,139842.0,11653.5,47660.03,1886.04,12558.760382503015,0
ACC_000125,7,537391.23,76770.17571428571,443656.31,1494.13,162797.37123440608,2
ACC_000126,11,329250.24,29931.84,149504.39,1818.81,43905.67146737606,2
ACC_000127,10,203312.9,20331.29,83469.34,666.26,27769.168780919605,0
ACC_000128,11,300731.85,27339.25909090909,138814.98,766.12,41165.31404984115,0
ACC_000129,7,189847.49,27121.07,124555.14,1315.78,45082.30217260427,1
ACC_000130,17,606708.74,35688.74941176471,421695.41,689.4,100161.02367906891,1
ACC_000131,9,132537.57,14726.396666666667,52974.84,835.19,17092.737838840356,0
ACC_000132,12,245684.87000000002,20473.73916666667,65764.38,1392.66,20448.774564182862,1
ACC_000133,6,44817.45,7469.575,9825.93,3056.25,2439.66116370901,0
ACC_000134,5,309552.58,61910.516,240581.26,81.13,101121.85698062279,1
ACC_000135,12,244799.43,20399.9525,127103.16,1428.25,35464.35759643095,1
ACC_000136,9,140426.27,15602.918888888888,60581.57,5910.77,17052.560026978677,0
ACC_000137,16,330440.52,20652.5325,94823.69,1766.67,23697.726633806742,0
ACC_000138,12,187068.35,15589.029166666667,52312.6,2022.93,15446.411951204047,0
ACC_000139,9,45273.06,5030.34,11547.62,463.06,3530.6945955576507,0
ACC_000140,10,189579.1,18957.91,40178.01,824.18,16137.301502605007,0
ACC_000141,8,170090.53,21261.31625,67961.86,5273.05,22298.088659617657,0
ACC_000142,16,337506.17,21094.135625,114866.6,673.13,27036.522696587042,0
ACC_000143,10,131422.62,13142.261999999999,38339.98,1422.86,12000.363562167422,1
ACC_000144,14,657340.23,46952.87357142857,389164.27,546.61,102480.91646047628,2
ACC_000145,7,104437.75,14919.67857142857,46362.25,1611.34,19169.29706092482,0
ACC_000146,19,390736.39,20565.073157894738,90481.51,995.09,26002.080857512377,2
ACC_000147,7,183121.43,26160.204285714284,97626.01,2370.78,33244.86950003707,0
ACC_000148,4,51248.56,12812.14,28398.91,2430.55,11042.501355164057,0
ACC_000149,12,310137.49,25844.790833333333,95592.75,1898.14,29561.238626890346,0
ACC_000150,9,99885.28,11098.364444444444,38329.79,336.23,12075.465204503626,0
ACC_000151,7,257706.78999999998,36815.25571428571,187586.83,2719.98,66929.78309809015,1
ACC_000152,12,226574.02,18881.16833333333,108887.15,961.51,31298.908612881474,0
ACC_000153,11,179769.18,16342.652727272727,81009.98,633.47,27100.00936680727,0
ACC_000154,8,250547.44,31318.43,123014.32,3808.29,39892.14354274679,1
ACC_000155,10,204710.77,20471.076999999997,127858.28,1044.37,38716.2806436282,0
ACC_000156,11,159777.05,14525.186363636363,42269.9,1641.92,12215.654389615214,1
ACC_000157,8,204395.21,25549.40125,87310.15,1482.6,30337.947718148273,1
ACC_000158,17,408298.20999999996,24017.54176470588,119596.66,628.49,35795.73170698852,1
ACC_000159,11,193316.52,17574.22909090909,98059.83,3127.06,27309.092692356317,0
ACC_000160,12,251057.24,20921.436666666665,146387.43,1314.36,40321.44950888531,1
ACC_000161,10,3116146.8099999996,311614.681,2190027.61,4106.5,670526.6677057039,3
ACC_000162,5,150189.94999999998,30037.989999999998,119266.04,3224.85,50161.09594267105,0
ACC_000163,10,84085.87,8408.587,26230.22,409.12,7816.107196795673,0
ACC_000164,8,255892.15999999997,31986.519999999997,123861.79,4208.03,38390.98552238049,0
ACC_000165,10,156726.61000000002,15672.661000000002,38379.38,681.24,12254.91381633728,0
ACC_000166,11,416435.93,37857.81181818182,146137.56,1743.16,49881.16084347012,1
ACC_000167,4,25080.38,6270.095,15183.86,2992.65,5949.560492027961,0
ACC_000168,8,103262.14,12907.7675,33378.6,2591.32,12448.094211653157,0
ACC_000169,10,464654.44999999995,46465.44499999999,325320.64,440.68,99189.86161141451,2
ACC_000170,5,56461.31,11292.261999999999,24249.92,1641.15,9922.501732195364,0
ACC_000171,18,251293.34,13960.74111111111,58031.28,701.29,16964.20947712666,0
ACC_000172,6,30667.38,5111.2300000000005,15922.0,1450.17,5517.063217904975,0
ACC_000173,11,118394.66,10763.15090909091,45004.25,1160.95,12617.716893477562,0
ACC_000174,6,103928.14,17321.356666666667,44504.55,3492.78,18460.481327911973,0
ACC_000175,15,590061.72,39337.448,221075.88,858.38,74669.23813889007,1
ACC_000176,5,119457.23,23891.446,59235.19,854.17,22355.93747835304,1
ACC_000177,12,189097.57,15758.130833333335,87592.0,1642.1,23564.142973780177,0
ACC_000178,11,132325.47,12029.588181818182,21026.11,3373.01,5028.23491426329,0
ACC_000179,9,98465.61,10940.623333333333,25541.06,1317.38,9854.711478593628,0
ACC_000180,11,114456.55,10405.14090909091,31679.65,862.02,11156.99701003048,0
ACC_000181,9,392172.12,43574.68,183246.49,1088.47,63135.95145745627,0
ACC_000182,10,100092.95,10009.295,33843.86,2758.29,10933.338395231807,0
ACC_000183,13,1108571.58,85274.73692307693,911718.36,393.1,249588.91851720633,1
ACC_000184,14,723793.9,51699.56428571429,645901.96,609.27,171105.51541511153,1
ACC_000185,8,224964.32,28120.54,69860.36,889.76,30379.03049400171,0
ACC_000186,11,63329.26,5757.205454545455,21920.74,107.63,5693.993768695859,0
ACC_000187,14,217986.66,15570.475714285714,57762.09,713.34,19171.776143037696,1
ACC_000188,9,141768.02000000002,15752.002222222225,45268.21,1562.29,14746.304878730449,0
ACC_000189,11,276861.13999999996,25169.194545454542,139993.33,1933.28,39693.04049013135,2
ACC_000190,9,112409.34,12489.926666666666,23824.82,1451.3,9344.15614866051,1
ACC_000191,19,838663.77,44140.198421052635,409061.05,776.26,94724.63461021915,3
ACC_000192,13,179967.54,13843.656923076924,56932.07,1746.14,15518.981570914688,0
ACC_000193,10,104510.11,10451.011,31953.4,1625.67,9203.064368710686,1
ACC_000194,7,177255.15,25322.164285714283,102929.76,314.49,35580.75871834891,1
ACC_000195,10,161959.78,16195.978,41697.44,1830.77,14644.778100561456,2
ACC_000196,15,164576.69,10971.779333333334,77530.71,1789.68,19411.83728484484,0
ACC_000197,6,74943.18999999999,12490.531666666664,33063.07,2535.1,12148.43109779599,1
ACC_000198,9,88908.34,9878.704444444444,31932.75,1027.32,11941.187611522471,1
ACC_000199,13,123221.59,9478.583846153846,21173.2,1927.26,6399.5984025881635,0
ACC_000200,11,103549.07,9413.551818181819,34469.94,930.17,10436.7323809158,0
ACC_000201,10,162025.87,16202.587,47953.93,1631.77,14970.249092593283,2
ACC_000202,10,1321188.92,132118.892,948116.21,2445.57,295930.44102600473,2
ACC_000203,9,97934.03,10881.558888888889,24955.28,1920.48,7261.46417545636,1
ACC_000204,9,112183.28,12464.808888888889,39773.49,1470.44,12529.127139024335,0
ACC_000205,8,82079.69,10259.96125,42228.4,1724.38,13390.66322316245,0
ACC_000206,8,109425.93,13678.24125,37576.04,6050.57,10580.641682811165,0
ACC_000207,7,246648.69,35235.52714285714,174923.05,2020.5,62327.63823993004,0
ACC_000208,6,44226.590000000004,7371.098333333334,20393.33,989.45,7675.7447052189455,0
ACC_000209,7,208482.8,29783.257142857143,160263.86,534.18,57905.591774697285,1
ACC_000210,6,90673.9,15112.316666666666,34581.59,754.56,14711.010565970872,0
ACC_000211,7,52842.22,7548.888571428572,22367.01,1559.18,7158.343640932653,0
ACC_000212,9,91701.39,10189.043333333333,39119.66,1924.74,11257.625488211313,0
ACC_000213,9,171311.59999999998,19034.62222222222,101661.15,2760.85,31337.030386950268,1
ACC_000214,10,160209.86000000002,16020.986,35864.41,961.52,13418.676423954124,1
ACC_000215,9,108568.32,12063.146666666667,42054.66,2462.44,12803.622509125104,0
ACC_000216,7,71919.48000000001,10274.21142857143,36838.76,1253.32,12838.18764952103,0
ACC_000217,13,184388.89,14183.76076923077,49221.11,939.39,15298.022698294739,0
ACC_000218,7,80505.51000000001,11500.787142857143,31028.88,2087.57,11704.827229796707,0
ACC_000219,18,561727.56,31207.08666666667,325211.96,1805.63,74738.45578627834,1
ACC_000220,9,81681.39,9075.71,23872.4,1540.7,6584.1955580712365,0
ACC_000221,13,208308.21,16023.708461538461,47855.1,2025.27,15210.008889736524,0
ACC_000222,10,185772.47,18577.247,124366.8,731.7,37859.22104436119,0
ACC_000223,10,189155.18,18915.518,94698.17,240.97,32407.054268128377,0
ACC_000224,9,80603.08,8955.897777777778,37395.82,1631.03,11459.938278756978,0
ACC_000225,13,317282.14,24406.318461538463,108947.97,881.91,33969.37533033733,0
ACC_000226,14,758474.06,54176.71857142857,433175.46,521.69,122582.89984036899,1
ACC_000227,9,118157.56,13128.617777777778,34440.28,3042.82,10604.791515344346,0
ACC_000228,5,45621.31,9124.261999999999,14784.18,6070.53,3497.2086806937905,0
ACC_000229,8,615022.58,76877.8225,550208.71,2763.79,191358.35091922953,2
ACC_000230,8,77841.20999999999,9730.151249999999,21844.05,636.44,7465.380448750346,0
ACC_000231,11,139537.29,12685.208181818183,29144.15,765.38,10535.547956518274,0
ACC_000232,8,332789.65,41598.70625,252269.8,1195.94,86393.28697582071,0
ACC_000233,10,189930.37,18993.037,79101.09,3155.22,28747.29758833034,0
ACC_000234,8,51762.0,6470.25,20012.27,1033.56,6355.715075534101,0
ACC_000235,8,50836.16,6354.52,15789.96,1956.99,4837.150121929824,0
ACC_000236,7,286248.91000000003,40892.70142857143,142990.23,3088.96,49748.64082095692,0
ACC_000237,13,225341.15,17333.934615384616,53923.71,672.12,16063.773527027417,2
ACC_000238,5,79436.9,15887.38,66607.39,1191.37,28383.021968004923,0
ACC_000239,15,536653.62,35776.908,297781.7,1063.45,79911.32000496454,2
ACC_000240,8,184502.41999999998,23062.802499999998,85223.43,845.75,28841.14260419838,1
ACC_000241,8,130593.29999999999,16324.162499999999,81759.97,1259.1,27502.92362262017,0
ACC_000242,10,187556.12,18755.612,41448.28,2904.12,14071.375182584758,1
ACC_000243,6,94604.9,15767.483333333332,34447.56,1604.03,12173.96202696668,0
ACC_000244,11,181983.82,16543.98363636364,64797.22,1152.69,20035.698057421047,0
ACC_000245,15,224340.62999999998,14956.041999999998,83009.87,1327.87,20571.470556590262,0
ACC_000246,10,134726.74,13472.673999999999,37134.43,544.94,12481.824493862352,0
ACC_000247,12,671170.15,55930.84583333333,524005.79,2214.37,148594.8087622301,2
ACC_000248,12,404921.75,33743.479166666664,155731.79,1765.04,56967.820290045165,1
ACC_000249,9,211682.16999999998,23520.24111111111,69204.12,2348.75,22037.53402690875,0
ACC_000250,10,160277.61,16027.760999999999,51188.67,810.36,14959.282117816756,0
ACC_000251,13,120499.49,9269.191538461539,56300.06,511.95,15293.304525394353,0
ACC_000252,11,2851501.69,259227.42636363636,2668718.17,1250.95,799226.978864247,2
ACC_000253,12,362920.45,30243.370833333334,209483.02,1437.73,58569.79823402353,1
ACC_000254,13,816752.62,62827.124615384615,610650.76,1659.27,165358.80098373618,2
ACC_000255,15,215958.35,14397.223333333333,36827.34,1373.29,11531.709353960043,2
ACC_000256,4,112510.20999999999,28127.552499999998,90646.67,3421.76,41786.58423810954,1
ACC_000257,10,197274.82,19727.482,66425.33,269.08,22409.92338504272,0
ACC_000258,7,114668.9,16381.271428571428,70909.31,767.05,24641.23335528982,0
ACC_000259,9,106368.22,11818.691111111111,37396.35,1343.54,12976.140810803923,0
ACC_000260,6,160654.97999999998,26775.829999999998,35453.9,7241.88,10083.868042714563,0
ACC_000261,11,511486.38,46498.76181818182,318288.0,611.26,95635.94552650492,2
ACC_000262,8,301013.13,37626.64125,130299.42,1420.25,42659.32338369302,1
ACC_000263,8,83199.45,10399.93125,48592.59,1393.9,15670.909116697216,0
ACC_000264,11,250860.39,22805.49,124839.07,728.55,35626.27071034351,1
ACC_000265,13,85933.45,6610.265384615384,27794.16,1302.03,6906.383417297864,0
ACC_000266,10,98825.81,9882.581,17726.15,1880.44,6249.81885685844,0
ACC_000267,7,87671.85,12524.550000000001,25280.07,2602.46,8576.737808160708,0
ACC_000268,9,70239.79000000001,7804.421111111112,20763.99,2238.97,7001.292740136361,0
ACC_000269,12,130780.41,10898.3675,31198.11,1152.11,11145.6410880317,0
ACC_000270,8,210123.6,26265.45,61393.4,5931.05,20706.64653000715,0
ACC_000271,9,273876.71,30430.745555555557,163822.48,1712.84,50788.85798175992,0
ACC_000272,14,2180169.4499999997,155726.38928571428,2048450.22,1612.59,544818.01584412,1
ACC_000273,12,219592.18,18299.34833333333,74483.33,2088.46,22272.59314524624,0
ACC_000274,11,234470.25,21315.477272727272,66351.69,582.16,23239.0190430539,0
ACC_000275,9,561018.41,62335.378888888896,477883.71,1052.19,155988.2780299464,1
ACC_000276,18,667558.39,37086.57722222222,242849.9,611.86,61026.121442262716,2
ACC_000277,10,245379.77,24537.977,102887.12,3945.9,29524.78421889652,1
ACC_000278,12,116672.37,9722.6975,39933.99,1341.01,10578.14541728638,0
ACC_000279,7,115891.89,16555.984285714287,36302.89,1234.49,12306.322409346962,0
ACC_000280,13,467958.97000000003,35996.843846153846,256925.35,1841.96,67959.03675463975,1
ACC_000281,9,194700.61,21633.40111111111,85118.93,5709.16,25938.99455473286,0
ACC_000282,8,91451.84,11431.48,28642.69,1601.52,10203.394863835412,0
ACC_000283,11,330289.24,30026.294545454544,172613.74,1171.59,49219.65485189517,0
ACC_000284,11,134391.28,12217.389090909091,27679.61,806.48,8874.470210014179,0
ACC_000285,14,195651.75,13975.125,34003.3,4399.49,10964.091787888421,0
ACC_000286,14,185096.65,13221.189285714285,74812.02,635.09,19309.814237360657,0
ACC_000287,11,589021.71,53547.42818181818,439986.66,797.53,129543.78790517057,1
ACC_000288,10,54878.1,5487.8099999999995,13329.4,1202.11,4344.386641208527,0
ACC_000289,16,358965.79,22435.361875,94987.1,1251.43,27140.291148661425,1
ACC_000290,11,217933.94,19812.176363636365,84701.06,258.08,26172.46397086383,2
ACC_000291,10,66753.76,6675.375999999999,14659.39,1745.0,3973.5781404930804,0
ACC_000292,12,209282.86000000002,17440.238333333335,78853.58,504.29,24542.022953937165,0
ACC_000293,7,204135.40000000002,29162.200000000004,114901.07,3961.22,40421.726705457964,0
ACC_000294,10,123786.41,12378.641,30560.94,2763.07,10229.415511281886,0
ACC_000295,4,35320.52,8830.13,19571.96,1686.93,8295.446048393058,0
ACC_000296,4,15348.960000000001,3837.2400000000002,5818.85,2899.76,1371.5536120521624,0
ACC_000297,13,210472.17,16190.166923076924,95311.99,605.73,25442.051146631693,0
ACC_000298,10,449678.75000000006,44967.87500000001,274522.77,1144.21,83652.37247511584,0
ACC_000299,9,129847.66,14427.517777777779,45816.72,1497.41,17326.659434292127,0
ACC_000300,7,95952.14,13707.448571428571,56658.75,674.14,20012.28204933946,1
ACC_000301,7,262722.96,37531.851428571434,131194.88,4439.59,45730.20519952847,1
ACC_000302,8,117763.02,14720.3775,36180.3,2099.41,12389.297349911967,0
ACC_000303,9,188714.65,20968.294444444444,81181.36,1894.28,27081.057081235824,1
ACC_000304,9,242582.65000000002,26953.62777777778,158928.54,2178.97,49974.2419331236,2
ACC_000305,11,184794.33,16799.484545454543,57696.82,2713.68,16870.10688225262,0
ACC_000306,8,140331.11000000002,17541.388750000002,32730.13,3031.27,9334.21126744965,0
ACC_000307,7,122452.87999999999,17493.26857142857,84449.67,631.01,29945.95248313781,0
ACC_000308,12,184701.07,15391.755833333335,53995.11,892.28,18208.095788049617,0
ACC_000309,8,60006.12,7500.765,24874.18,1221.22,8103.977064517679,0
ACC_000310,12,156998.3,13083.191666666666,39626.88,1497.9,12512.269454135325,1
ACC_000311,12,174629.96000000002,14552.496666666668,37415.86,165.7,13793.192195889664,0
ACC_000312,8,373860.19,46732.52375,160140.66,2241.56,50682.534133890156,1
ACC_000313,10,346154.94,34615.494,168100.77,1831.83,50593.157416337584,0
ACC_000314,16,484297.24,30268.5775,242418.38,925.23,59839.97928437772,3
ACC_000315,10,231771.29,23177.129,78208.57,2917.79,22432.820946197684,1
ACC_000316,14,310211.06,22157.932857142856,83952.9,722.07,27514.020203297874,1
ACC_000317,12,118016.59,9834.715833333334,57339.52,1183.39,15402.990840719247,1
ACC_000318,11,189504.47,17227.679090909092,58535.66,982.55,20180.65218516808,1
ACC_000319,11,102939.78,9358.161818181818,28867.57,906.16,11014.835791518472,0
ACC_000320,16,243324.58999999997,15207.786874999998,76518.62,1047.61,19979.87311334775,0
ACC_000321,11,166866.75,15169.704545454546,62625.17,2298.08,16746.23842038227,0
ACC_000322,10,62654.31,6265.431,24982.74,1387.71,7110.378003602982,0
ACC_000323,6,85080.29000000001,14180.048333333334,40242.73,764.73,14165.127659422511,0
ACC_000324,8,90936.49,11367.06125,29641.68,3500.65,8412.209622495893,0
ACC_000325,8,144494.55,18061.81875,71690.01,2694.58,22445.390257388477,0
ACC_000326,7,191512.14,27358.877142857145,138481.13,2506.08,49409.43922221972,0
ACC_000327,9,206464.13999999998,22940.46,66567.78,752.2,20822.11427287104,2
ACC_000328,10,443963.64,44396.364,268822.95,2077.65,81311.96998964615,1
ACC_000329,24,294204.83999999997,12258.534999999998,88420.93,594.38,19496.89089068016,1
ACC_000330,12,191826.75999999998,15985.563333333332,70734.54,768.81,19326.801257659758,1
ACC_000331,13,92219.3,7093.792307692308,25432.01,280.82,6746.579954532708,0
ACC_000332,11,202018.72,18365.33818181818,38893.07,265.06,14667.288147470766,0
ACC_000333,9,211361.03999999998,23484.559999999998,81488.42,2853.79,23442.480777117533,0
ACC_000334,11,131897.07,11990.642727272729,37624.94,1179.08,13751.617130136434,0
ACC_000335,11,342892.95,31172.086363636365,246039.4,1186.29,71591.92268849025,2
ACC_000336,12,226743.81,18895.3175,92242.89,1716.86,28402.29632265389,0
ACC_000337,3,28339.99,9446.663333333334,11807.24,5934.22,3101.3204596483306,1
ACC_000338,9,225029.77,25003.307777777776,66596.61,3130.58,23340.754985839565,1
ACC_000339,13,127402.03,9800.156153846154,27996.31,452.87,8661.482073276622,0
ACC_000340,11,118038.87,10730.806363636364,34745.84,862.61,9593.152265784456,0
ACC_000341,13,607061.73,46697.056153846155,159887.85,633.54,59261.8149226333,2
ACC_000342,4,93386.7,23346.675,60211.41,1622.71,25747.476358050448,0
ACC_000343,7,128817.41000000002,18402.487142857146,72805.32,580.94,26675.722184078866,0
ACC_000344,7,157235.6,22462.22857142857,45515.26,3566.65,16840.848521130032,0
ACC_000345,8,47284.6,5910.575,13308.02,1602.52,4290.2103330323025,0
ACC_000346,9,195823.91000000003,21758.212222222224,86796.21,1496.74,28810.93764441587,2
ACC_000347,14,375638.38,26831.312857142857,181221.69,1213.65,53001.16018156024,0
ACC_000348,10,260794.8,26079.48,194659.37,564.68,59840.82620414817,1
ACC_000349,6,68183.19,11363.865,26643.8,2134.75,8471.062589710336,0
ACC_000350,11,67049.79,6095.435454545454,11718.03,652.47,4378.116734116083,0
ACC_000351,9,165457.33000000002,18384.14777777778,55342.1,1334.39,19449.83217498147,0
ACC_000352,10,165144.28999999998,16514.428999999996,60321.38,1501.5,17922.062045753333,0
ACC_000353,10,153034.34,15303.434,58055.32,996.49,19624.92695663587,1
ACC_000354,9,141021.85,15669.094444444445,59681.87,2560.47,17408.434587867967,0
ACC_000355,7,77874.95999999999,11124.994285714285,30319.35,2287.92,9324.246468306625,1
ACC_000356,11,438483.52999999997,39862.13909090909,310073.97,2001.71,91177.14069337635,1
ACC_000357,13,508412.5,39108.653846153844,165027.58,3589.0,43036.305722981066,0
ACC_000358,7,109775.9,15682.271428571428,76056.12,270.52,27103.475026681495,1
ACC_000359,9,50546.6,5616.288888888888,14496.78,475.55,4848.374893779988,0
ACC_000360,6,54991.67,9165.278333333334,25338.81,510.27,9756.632093361759,1
ACC_000361,10,401434.93,40143.493,238381.87,2397.76,70812.01917311325,1
ACC_000362,12,165754.86,13812.904999999999,42137.66,3907.35,11073.618139211034,1
ACC_000363,11,202372.74,18397.521818181816,97764.13,1319.44,27286.321615187277,0
ACC_000364,6,45379.71,7563.285,16080.61,1975.53,5580.307490566268,0
ACC_000365,10,971273.87,97127.387,740070.52,1280.17,229782.78817673365,2
ACC_000366,10,245505.08,24550.507999999998,124550.47,970.59,37947.24297581045,1
ACC_000367,10,165977.89,16597.789,36439.59,4948.16,10292.703355817384,0
ACC_000368,4,92508.88,23127.22,32630.16,7424.98,11182.634983330181,0
ACC_000369,18,969955.99,53886.44388888889,497810.05,1348.68,124375.2539182661,2
ACC_000370,13,667857.7899999999,51373.67615384615,477506.0,1485.55,128746.44498155102,2
ACC_000371,13,154737.91999999998,11902.916923076922,46283.52,564.25,12489.390166177305,0
ACC_000372,10,196969.93000000002,19696.993000000002,91223.19,736.08,29332.656915585874,1
ACC_000373,4,27302.8,6825.7,10142.89,4348.56,2424.3960919096253,0
ACC_000374,10,232066.37999999998,23206.638,95702.01,3666.52,28101.78598421768,0
ACC_000375,8,1797329.47,224666.18375,1305453.77,3448.28,458749.5887882409,2
ACC_000376,10,213438.18,21343.818,48412.79,2174.32,14787.3438687058,0
ACC_000377,8,521527.49,65190.93625,205179.48,5240.87,76875.17896845675,1
ACC_000378,6,62105.88,10350.98,49560.89,862.78,19278.260852475254,0
ACC_000379,14,398867.98000000004,28490.570000000003,171476.17,624.65,52139.06956513469,2
ACC_000380,15,219791.97,14652.798,77918.84,593.56,18980.312701326377,1
ACC_000381,12,1313375.1500000001,109447.92916666668,899962.48,1943.8,251090.57403933542,2
ACC_000382,15,244535.81999999998,16302.387999999999,58235.46,460.19,17004.469591040383,1
ACC_000383,15,309755.41000000003,20650.360666666667,156065.73,787.61,38511.82171464376,2
ACC_000384,6,49434.03,8239.005,24623.55,801.75,8567.224501033576,0
ACC_000385,10,429438.50999999995,42943.850999999995,339227.8,1718.63,104298.28030918677,1
ACC_000386,11,63136.82,5739.710909090909,19540.75,1381.66,6448.239548675986,0
ACC_000387,13,197178.54,15167.58,52083.35,2113.17,14509.807567392132,0
ACC_000388,10,120417.15000000001,12041.715,32903.64,1191.01,10308.697115790952,0
ACC_000389,12,166855.7,13904.641666666668,34217.64,1408.31,10194.875796546772,1
ACC_000390,8,87286.76,10910.845,25938.48,1969.02,7633.942416892372,0
ACC_000391,10,150556.8,15055.679999999998,55277.29,1592.14,16412.707448654262,0
ACC_000392,12,387289.92,32274.16,174672.97,403.72,53267.745480787395,1
ACC_000393,5,1666263.21,333252.642,1617331.9,6961.57,717845.8430804046,1
ACC_000394,11,111010.29999999999,10091.845454545453,31058.42,2442.65,7993.268681083306,0
ACC_000395,11,473861.32999999996,43078.30272727273,350142.05,2497.52,102466.59877609689,1
ACC_000396,12,151241.26,12603.438333333334,79601.59,1846.32,21385.082640641147,1
ACC_000397,12,99201.58,8266.798333333334,28129.97,980.49,9673.329022537677,0
ACC_000398,14,359241.38,25660.09857142857,135457.41,1338.67,36976.56964917355,1
ACC_000399,11,649957.99,59087.09,471187.7,718.97,137415.29695140413,1
ACC_000400,11,1415580.5,128689.13636363637,907651.85,2749.72,288202.7201280928,2
ACC_000401,9,150987.66,16776.406666666666,45721.96,5939.11,13559.447933880825,0
ACC_000402,6,47160.96,7860.16,16830.8,666.13,5744.83306704381,0
ACC_000403,8,51767.32,6470.915,10603.2,549.88,4157.594726129863,0
ACC_000404,8,165239.95,20654.99375,77330.94,2018.2,24931.964214150557,0
ACC_000405,10,171071.38,17107.138,100495.25,462.06,31164.15951028674,0
ACC_000406,11,45866.3,4169.663636363636,11798.86,434.16,3282.5304936169987,0
ACC_000407,10,145041.63,14504.163,55644.79,1198.0,17069.283922758936,0
ACC_000408,11,132673.66999999998,12061.242727272725,51082.5,942.29,13716.321826314874,2
ACC_000409,11,260699.72000000003,23699.97454545455,162250.73,1777.91,47364.08680192206,0
ACC_000410,12,133595.29,11132.940833333334,41399.64,2916.11,10584.15637534059,0
ACC_000411,7,250386.86,35769.55142857142,170281.04,2034.45,60253.08674633011,2
ACC_000412,12,393841.1,32820.09166666667,278200.11,942.25,77731.4600678679,1
ACC_000413,13,265197.26,20399.78923076923,55627.18,969.82,18319.371817802807,1
ACC_000414,6,84487.58,14081.263333333334,26792.7,3061.92,9775.944045821185,0
ACC_000415,13,560740.3,43133.86923076923,237419.84,2739.57,67033.86780693653,2
ACC_000416,4,199578.52,49894.63,96905.12,5479.59,38007.839949493755,0
ACC_000417,10,238032.08000000002,23803.208000000002,102084.44,2176.94,29782.09936776967,0
ACC_000418,11,150552.80000000002,13686.618181818183,55775.72,2598.08,14740.915211265425,0
ACC_000419,11,244843.33000000002,22258.484545454547,55173.92,1303.97,17453.041232938955,1
ACC_000420,5,65423.47,13084.694,18623.41,3194.78,6362.4547065366205,0
ACC_000421,10,169433.18,16943.318,35463.76,1487.32,12343.989428152921,0
ACC_000422,8,149809.93,18726.24125,55856.27,1037.16,17354.00668136854,1
ACC_000423,10,318060.85,31806.085,246326.99,870.26,75702.58765696752,1
ACC_000424,9,94783.19,10531.465555555556,54886.0,605.2,17677.94986057568,0
ACC_000425,12,347889.7,28990.808333333334,191760.59,2403.73,52771.32612666394,0
ACC_000426,9,172777.83,19197.536666666667,49159.65,644.32,20114.949079068654,0
ACC_000427,7,261837.37,37405.33857142857,192993.98,1323.39,69526.62890305134,0
ACC_000428,9,207165.56,23018.395555555555,82704.83,2365.4,25303.47472491086,2
ACC_000429,14,175712.79,12550.913571428571,37899.71,1334.67,10179.732725429414,0
ACC_000430,9,202873.19,22541.465555555555,74417.05,2748.73,24315.21467384933,0
ACC_000431,6,32879.16,5479.860000000001,9383.35,2053.97,2597.326286764911,0
ACC_000432,8,260416.86,32552.1075,107879.47,2167.1,37580.91418022252,0
ACC_000433,11,154377.83000000002,14034.348181818183,34742.44,1334.82,11955.688987821504,0
ACC_000434,9,93542.61,10393.623333333333,33979.43,1285.69,11207.92485541369,0
ACC_000435,10,89944.7,8994.47,35193.87,699.19,9914.07715718188,0
ACC_000436,14,118418.33,8458.452142857142,32902.05,465.5,9668.393303251405,0
ACC_000437,6,197231.08000000002,32871.84666666667,111622.37,7580.56,39510.72948654158,0
ACC_000438,16,293236.37,18327.273125,71874.6,1769.12,22456.567416965197,0
ACC_000439,15,300494.76,20032.984,107571.86,1528.84,30051.737350807147,0
ACC_000440,17,358823.7,21107.276470588236,179048.03,680.05,42959.607312839806,2
ACC_000441,11,126514.84,11501.34909090909,45853.24,3136.75,11829.96159752047,1
ACC_000442,11,148725.59,13520.50818181818,23142.37,4986.22,6227.69547656887,0
ACC_000443,7,58548.130000000005,8364.018571428573,19033.16,2184.68,6591.2955348358955,0
ACC_000444,7,66548.18000000001,9506.882857142858,18928.78,3507.78,5305.433458841084,0
ACC_000445,12,182322.13,15193.510833333334,50993.22,1548.15,19211.738329833883,0
ACC_000446,7,2330906.51,332986.64428571425,1953830.04,2716.84,717670.2226467086,2
ACC_000447,8,218113.2,27264.15,73062.35,565.01,27027.63058131385,0
ACC_000448,11,159149.66999999998,14468.151818181817,44680.74,783.04,16003.649761043145,0
ACC_000449,12,591977.55,49331.4625,401465.74,894.59,112849.31403397371,2
ACC_000450,8,53702.450000000004,6712.806250000001,22022.4,823.91,7518.291782092788,0
ACC_000451,10,255848.73,25584.873,100676.35,574.4,35289.930785819866,0
ACC_000452,9,90705.52,10078.391111111112,28725.62,2097.99,8731.096364764915,0
ACC_000453,9,262359.49,29151.054444444442,202989.81,611.88,65313.6698041532,1
ACC_000454,12,140135.13,11677.9275,27641.8,223.77,9345.223901469792,0
ACC_000455,14,137332.51,9809.465,25935.0,1086.41,7112.990353156951,0
ACC_000456,8,37104.119999999995,4638.014999999999,10363.97,442.02,2825.193833522123,1
ACC_000457,11,205587.15,18689.74090909091,71902.48,1185.17,23820.500134323986,1
ACC_000458,12,162510.93,13542.5775,36917.76,1090.72,12268.675250781876,0
ACC_000459,9,81576.11,9064.012222222222,25961.75,1927.54,9159.738177790314,0
ACC_000460,7,177754.49000000002,25393.498571428576,131031.82,2644.08,46726.37413710143,0
ACC_000461,14,194866.62,13919.044285714286,35657.05,629.87,12498.154017811969,0
ACC_000462,5,29002.72,5800.544,11703.78,1984.89,4072.922795515525,0
ACC_000463,10,249157.91,24915.791,93400.57,1717.89,31244.410373602812,0
ACC_000464,12,478519.76999999996,39876.6475,95323.59,3178.71,33794.4354900704,0
ACC_000465,10,159806.91,15980.691,66138.13,300.56,19538.13570432647,0
ACC_000466,14,213607.95,15257.710714285715,39995.36,3275.29,12595.354601301022,0
ACC_000467,7,97273.61,13896.23,65291.79,919.7,22981.221563718787,0
ACC_000468,4,296877.0,74219.25,237382.14,4855.34,109290.5991361337,1
ACC_000469,5,29055.63,5811.126,8222.82,3064.68,1978.309346103384,0
ACC_000470,10,858753.8200000001,85875.38200000001,785735.76,1505.92,246199.27453608808,1
ACC_000471,10,130045.12999999999,13004.512999999999,49065.52,1169.98,15014.159665823641,0
ACC_000472,13,183164.49,14089.576153846154,65295.58,970.56,17756.812505137073,1
ACC_000473,12,189383.56,15781.963333333333,49935.96,1899.54,16960.827902522025,0
ACC_000474,13,143588.58000000002,11045.275384615386,58174.8,933.3,14917.78086722777,0
ACC_000475,7,155635.26,22233.608571428573,86406.08,5015.43,28887.09655628353,0
ACC_000476,8,55325.83,6915.72875,26133.68,1469.31,8042.219478996787,0
ACC_000477,13,280712.1,21593.238461538458,97938.75,1710.7,31051.36455811184,0
ACC_000478,10,217015.72,21701.572,141217.46,3206.55,42247.72912821411,0
ACC_000479,15,3696431.42,246428.76133333333,3468549.3,869.92,891542.3144963392,2
ACC_000480,5,37477.5,7495.5,18296.66,901.79,6955.163900401628,0
ACC_000481,8,144086.26,18010.7825,61756.89,848.51,21042.324927477373,1
ACC_000482,15,353908.27,23593.88466666667,145190.95,1882.02,35771.798316189546,1
ACC_000483,12,301501.70999999996,25125.142499999998,85400.28,997.4,27495.21982930955,0
ACC_000484,9,147135.78,16348.42,63783.73,1791.68,20022.91133903047,1
ACC_000485,10,171239.91,17123.991,49070.42,1561.04,17576.9843302911,0
ACC_000486,13,222563.58000000002,17120.275384615386,50790.29,2888.42,14240.079824761411,0
ACC_000487,7,125161.52,17880.217142857142,37092.94,565.65,14654.735730668219,0
ACC_000488,17,117575.12000000001,6916.183529411765,33997.97,674.75,8164.509308517829,0
ACC_000489,6,54932.21,9155.368333333334,23127.73,1511.46,8597.500080394107,0
ACC_000490,12,4321941.569999999,360161.7974999999,3892707.28,2505.13,1113737.1185414607,2
ACC_000491,10,165087.28,16508.728,46347.04,2310.84,12855.914241963848,0
ACC_000492,14,88340.92,6310.065714285714,14461.21,736.56,4244.763106840664,0
ACC_000493,11,140733.93,12793.993636363635,70155.54,1363.45,19541.839762252308,0
ACC_000494,5,92731.86,18546.372,64692.69,1363.93,26528.08224964104,0
ACC_000495,8,818463.6,102307.95,577420.48,318.54,202354.47328716435,1
ACC_000496,11,767319.2499999999,69756.29545454544,559537.72,474.46,165488.8049585245,0
ACC_000497,11,268714.27999999997,24428.570909090908,99037.76,2114.12,27216.774349496838,0
ACC_000498,10,168685.73,16868.573,103748.57,1267.91,32363.678943219686,1
ACC_000499,10,466024.37000000005,46602.437000000005,217656.26,7567.86,62701.10708328842,2
ACC_000500,7,37703.27,5386.181428571428,9665.54,1538.52,3351.543351758155,0
ACC_000501,9,75366.53,8374.058888888889,17525.75,1062.58,6934.2628863193595,0
ACC_000502,3,75984.48999999999,25328.16333333333,49281.67,2078.03,23609.67932537275,1
ACC_000503,14,197968.74000000002,14140.624285714288,90974.1,1529.22,23187.649938925788,1
ACC_000504,12,479380.8,39948.4,312346.88,1721.36,88441.1629906375,2
ACC_000505,10,96302.97,9630.297,37595.47,1098.66,11541.391321780393,0
ACC_000506,7,87359.48000000001,12479.925714285715,28589.23,4348.71,8804.853271044814,0
ACC_000507,8,188504.28,23563.035,131739.52,692.72,44421.55561551042,1
ACC_000508,5,98589.67,19717.934,39517.42,9261.74,12943.359322903,0
ACC_000509,12,193355.43,16112.9525,63275.51,1296.47,18360.60558275547,0
ACC_000510,6,184070.91,30678.485,131143.69,2405.41,50112.46143897933,0
ACC_000511,12,974994.8500000001,81249.57083333335,778647.26,1622.0,220992.08988244948,1
ACC_000512,9,47586.83,5287.425555555556,17031.84,779.05,4848.913840704718,0
ACC_000513,11,224280.08,20389.09818181818,70872.37,1309.28,22894.429805064294,0
ACC_000514,7,246188.68,35169.811428571425,121841.99,3163.69,44579.46630383374,1
ACC_000515,10,166710.5,16671.05,43001.93,5491.67,13507.8925830033,0
ACC_000516,12,124540.69,10378.390833333333,29313.96,669.56,11432.35094381288,0
ACC_000517,3,28001.89,9333.963333333333,16620.83,3071.15,6832.640115484887,1
ACC_000518,10,381699.25,38169.925,193534.68,5396.99,57410.210138057664,3
ACC_000519,9,484182.15,53798.01666666667,328745.9,1042.03,108150.9849028608,1
ACC_000520,16,149757.04,9359.815,57462.83,775.84,13906.482832539172,0
ACC_000521,10,140578.29,14057.829000000002,27978.43,5085.7,7476.337371902026,1
ACC_000522,10,95797.2,9579.72,60648.64,817.79,18104.742601346195,0
ACC_000523,8,192737.56999999998,24092.196249999997,90234.54,2255.3,28166.13828147801,0
ACC_000524,10,70096.65,7009.664999999999,23715.7,1208.12,7007.179670926814,0
ACC_000525,10,123842.11,12384.211,57986.03,820.9,16828.918424454478,0
ACC_000526,8,80949.12,10118.64,18945.13,2962.23,5055.59288886505,0
ACC_000527,9,308094.97000000003,34232.77444444445,207654.95,633.5,66305.95851978616,0
ACC_000528,14,181509.13,12964.937857142857,52696.62,954.76,15133.990492457282,0
ACC_000529,9,2797334.09,310814.8988888889,2695570.02,5128.84,894313.7799982389,1
ACC_000530,9,68111.33,7567.925555555556,33465.47,1500.16,10010.96574395936,0
ACC_000531,7,178244.68,25463.52571428571,110666.3,400.26,41026.67304005199,0
ACC_000532,9,273920.01,30435.556666666667,133826.29,761.95,40290.89559668785,1
ACC_000533,4,13951.23,3487.8075,7215.97,911.5,3029.237538593664,0
ACC_000534,7,101936.8,14562.4,54663.69,1906.02,18166.80587177247,0
ACC_000535,6,108194.97,18032.495,60422.99,1455.35,21507.27223856131,0
ACC_000536,11,76109.21,6919.019090909092,12913.79,1280.36,4153.362168252257,0
ACC_000537,11,485301.12999999995,44118.28454545454,159837.9,941.33,48637.34343127724,3
ACC_000538,7,54939.0,7848.428571428572,15835.41,1436.13,5553.980949929604,0
ACC_000539,10,297226.08,29722.608,106316.84,263.6,35905.36330283752,0
ACC_000540,10,181314.81,18131.481,64641.82,924.15,22137.95307466366,1
ACC_000541,3,84409.98000000001,28136.660000000003,43034.16,2171.64,22567.762060080306,0
ACC_000542,9,208501.36,23166.817777777775,75102.11,579.08,27748.33379303872,1
ACC_000543,6,46372.07,7728.678333333333,16082.21,1692.94,6270.332614799367,0
ACC_000544,13,997838.7,76756.82307692307,622229.08,1482.79,169448.83793352754,2
ACC_000545,6,70254.11,11709.018333333333,20805.24,926.63,8126.463329393462,0
ACC_000546,8,133302.24,16662.78,41115.66,389.37,14672.632934174717,0
ACC_000547,14,187218.37999999998,13372.741428571428,66023.4,842.73,16280.73364085285,0
ACC_000548,16,275721.29,17232.580625,88478.36,981.92,22485.246933484326,0
ACC_000549,6,34634.45,5772.408333333333,19201.51,598.31,6840.509758348178,0
ACC_000550,7,70448.06,10064.00857142857,24607.64,1958.8,7968.932606299768,0
ACC_000551,9,346468.25000000006,38496.472222222226,268704.34,265.54,86776.49598796898,1
ACC_000552,9,159646.77,17738.53,80566.45,859.39,24683.840667311073,0
ACC_000553,15,242960.01,16197.334,81481.8,1144.13,20971.524681601277,0
ACC_000554,6,65534.14,10922.356666666667,29098.78,1561.66,11351.016145164567,0
ACC_000555,15,572531.3,38168.753333333334,218004.71,2216.12,63569.221033184614,1
ACC_000556,10,317959.97,31795.996999999996,149053.38,1657.69,45249.45583329964,0
ACC_000557,17,270992.1,15940.71176470588,53509.99,1302.7,16646.589343534546,0
ACC_000558,12,174423.88,14535.323333333334,78059.39,809.48,21553.81117296021,0
ACC_000559,12,253910.24,21159.186666666665,151670.56,2152.25,41780.95633309669,0
ACC_000560,10,134692.78,13469.278,30632.58,2930.8,9704.375990266568,0
ACC_000561,10,335069.71,33506.971000000005,185585.08,4872.68,55237.68539285464,2
ACC_000562,9,80550.84,8950.093333333332,34347.81,2772.5,9712.42752807196,0
ACC_000563,10,74216.01,7421.601,21367.86,1454.44,6075.718585188916,0
ACC_000564,7,125814.62,17973.51714285714,44560.59,2226.05,16435.22804315141,0
ACC_000565,11,159086.33000000002,14462.393636363639,88523.07,1271.89,25071.576723366357,0
ACC_000566,11,135404.73,12309.52090909091,46477.36,1029.97,13350.571627189192,1
ACC_000567,15,221661.59000000003,14777.439333333336,67629.74,692.34,22126.544706163768,0
ACC_000568,11,147521.83000000002,13411.075454545457,51378.28,2478.84,14837.786456021913,0
ACC_000569,12,282711.79000000004,23559.315833333338,95360.32,2243.74,31433.261835908343,0
ACC_000570,5,212425.08,42485.015999999996,62129.95,19064.78,16271.287809860964,1
ACC_000571,12,383191.55,31932.629166666666,131874.76,663.1,45174.19876175588,0
ACC_000572,8,124253.12,15531.64,40479.08,2312.76,15380.251400002724,0
ACC_000573,8,51280.31,6410.03875,26349.9,999.84,8325.947382448332,0
ACC_000574,11,163925.77,14902.342727272726,58894.07,1684.82,16583.37376205523,1
ACC_000575,9,1026199.28,114022.14222222223,725150.48,2403.31,231306.97636869238,1
ACC_000576,12,410365.88,34197.15666666667,257171.08,696.76,71040.16071123627,1
ACC_000577,7,104333.06,14904.722857142857,76988.01,2552.23,27450.231375628824,0
ACC_000578,7,65807.97,9401.138571428572,19091.25,417.39,6833.743503518474,1
ACC_000579,7,62353.09,8907.584285714285,20146.34,2021.65,6383.698226808807,0
ACC_000580,9,365105.61,40567.29,214157.34,2786.61,66856.02255774419,1
ACC_000581,8,55625.26,6953.1575,16130.92,1780.13,5720.1999761066045,0
ACC_000582,11,893842.64,81258.42181818181,750699.62,302.79,223398.5227543333,1
ACC_000583,8,5055773.04,631971.63,4751120.85,4295.09,1665061.4513688704,1
ACC_000584,13,343224.56,26401.88923076923,151264.54,2485.96,43069.534301854146,1
ACC_000585,11,826686.5900000001,75153.32636363637,737149.26,2186.28,219626.00401343292,3
ACC_000586,19,447885.18,23572.904210526314,123603.16,1021.55,34428.76470230352,2
ACC_000587,8,108263.67,13532.95875,42166.53,1500.83,13704.857340479623,0
ACC_000588,11,138920.62,12629.147272727272,52129.92,73.19,15424.073035345164,0
ACC_000589,13,136946.13,10534.317692307694,31807.79,1292.42,11294.878602414721,0
ACC_000590,8,66305.31999999999,8288.164999999999,17725.64,433.18,6512.5645068502545,0
ACC_000591,16,253069.23,15816.826875,40269.8,671.35,13471.324144960025,1
ACC_000592,9,549255.83,61028.42555555555,217560.84,2542.9,81617.23987858433,3
ACC_000593,10,2117447.4099999997,211744.74099999998,1954054.38,716.12,612435.092314814,1
ACC_000594,11,247682.24,22516.567272727272,73878.62,3665.68,23434.920537257254,0
ACC_000595,8,228840.24,28605.03,152497.33,1780.34,50560.66613661256,0
ACC_000596,5,75146.45999999999,15029.291999999998,60047.03,1607.09,25203.797839264626,0
ACC_000597,11,287699.82,26154.52909090909,67843.63,2132.83,26500.454444775263,1
ACC_000598,9,316631.62,35181.29111111111,204650.8,1409.43,63969.14561988624,1
ACC_000599,13,111905.17,8608.09,22088.9,768.2,6254.023678744748,0
ACC_000600,9,256122.61000000002,28458.06777777778,188141.89,378.15,60117.88638560965,0
ACC_000601,7,49158.99,7022.712857142857,17307.4,3009.12,5057.1242415352835,0
ACC_000602,14,337987.88,24141.99142857143,95554.17,4197.14,29686.264698239942,0
ACC_000603,10,240296.93000000002,24029.693000000003,138683.23,1067.4,41003.232091185215,1
ACC_000604,6,91951.13,15325.188333333334,34979.39,2529.69,12995.051959205728,0
ACC_000605,9,171175.90999999997,19019.545555555553,87768.37,719.96,27687.01574885018,0
ACC_000606,9,160959.24,17884.36,51582.89,3178.54,16396.334793623086,1
ACC_000607,16,202390.66,12649.41625,42268.43,819.72,14962.620205856938,0
ACC_000608,10,354114.17,35411.417,160573.9,1808.43,46084.218855025996,1
ACC_000609,5,31890.03,6378.005999999999,10730.33,1633.48,3498.40002240024,0
ACC_000610,7,92158.3,13165.471428571429,33319.68,1857.12,12823.951805681727,0
ACC_000611,6,92988.40999999999,15498.06833333333,62275.49,4186.56,23090.759916315805,0
ACC_000612,9,211498.48,23499.83111111111,85619.66,1945.44,29124.616166569664,0
ACC_000613,6,83025.1,13837.516666666668,34702.08,979.54,12974.325156475257,0
ACC_000614,6,50129.130000000005,8354.855000000001,25146.11,1134.97,8651.805440091102,0
ACC_000615,8,1061938.7899999998,132742.34874999998,839282.2,679.87,288777.4592800274,1
ACC_000616,9,51228.06,5692.006666666666,19801.32,1338.14,5625.37000099549,0
ACC_000617,8,128995.35999999999,16124.419999999998,50217.06,1921.68,18387.066745021777,0
ACC_000618,10,126873.27,12687.327000000001,57137.85,1831.95,15994.175094388476,1
ACC_000619,10,156109.15,15610.914999999999,53909.14,342.78,18261.951874056038,0
ACC_000620,11,139677.03,12697.911818181818,47348.89,713.25,14107.62563806172,1
ACC_000621,8,55755.11,6969.38875,10417.25,1845.08,2977.389049253137,0
ACC_000622,14,228242.48,16303.034285714286,48837.63,2139.44,16386.377663054205,0
ACC_000623,8,109817.98,13727.2475,42992.13,1470.41,13719.057264223733,0
ACC_000624,8,290556.96,36319.62,231422.45,4958.51,78872.87286344019,1
ACC_000625,13,728297.72,56022.901538461534,466428.26,2021.23,125154.17937242534,0
ACC_000626,12,153863.34,12821.945,45297.74,746.14,14792.568666596506,0
ACC_000627,11,105222.47,9565.67909090909,35491.53,1291.64,9863.760447759723,0
ACC_000628,2,23695.730000000003,11847.865000000002,13016.19,10679.54,1652.2610602595453,0
ACC_000629,14,546383.39,39027.385,230247.93,753.84,59171.44526540155,1
ACC_000630,12,422825.31999999995,35235.44333333333,240160.93,748.73,66614.57331883759,0
ACC_000631,12,135686.52,11307.21,45279.04,349.43,13656.178793990519,0
ACC_000632,13,194091.34,14930.103076923077,45592.38,409.37,14043.67558403864,1
ACC_000633,9,421287.15,46809.683333333334,276479.12,315.68,88209.91197530425,1
ACC_000634,10,215978.41,21597.841,74514.37,5131.14,20578.041664033506,0
ACC_000635,10,479966.79,47996.679,143377.21,6215.17,48975.29204992553,1
ACC_000636,8,82099.7,10262.4625,21691.25,1130.42,8260.115256620213,1
ACC_000637,9,747249.62,83027.73555555556,526291.75,2096.19,170462.17037185555,3
ACC_000638,8,185422.65,23177.83125,151004.49,883.7,51725.758787135506,1
ACC_000639,12,218224.06,18185.338333333333,91965.75,2228.8,25786.220301877172,0
ACC_000640,6,35587.9,5931.316666666667,13499.2,1230.77,4349.046443549054,0
ACC_000641,16,270156.01,16884.750625,76187.63,1404.78,19993.847888388227,1
ACC_000642,15,215648.43,14376.562,73540.58,2636.7,17263.88613769143,1
ACC_000643,12,155495.45,12957.954166666668,35240.58,2504.12,10958.417463244206,1
ACC_000644,7,19452.08,2778.8685714285716,4951.16,822.64,1715.2850292534335,0
ACC_000645,9,86928.82,9658.757777777779,21058.02,1264.76,6455.687420040521,0
ACC_000646,13,282897.84,21761.37230769231,60277.8,740.64,20653.851638532688,0
ACC_000647,14,430598.42,30757.03,161994.78,5476.15,44317.641277300885,2
ACC_000648,9,124595.89,13843.987777777778,40746.37,692.69,12083.155944718848,0
ACC_000649,11,116528.56999999999,10593.506363636363,26031.57,96.93,8300.450788187678,0
ACC_000650,9,143704.9,15967.21111111111,58088.0,1285.71,18241.979589229373,0
ACC_000651,7,40335.9,5762.271428571429,18464.07,463.51,6037.506885882694,0
ACC_000652,9,66644.98,7404.997777777778,21924.71,2476.4,6266.432311572467,0
ACC_000653,11,212601.13,19327.375454545454,74481.4,917.95,22681.87016615004,1
ACC_000654,13,388317.22000000003,29870.555384615385,147640.17,2639.88,42115.55435817224,0
ACC_000655,10,633050.29,63305.029,530083.54,219.39,164828.99997320454,1
ACC_000656,10,302741.55,30274.155,162448.54,3418.7,48622.91795617742,0
ACC_000657,6,143134.15,23855.691666666666,64626.91,480.4,22938.210449769107,0
ACC_000658,19,578721.88,30459.046315789474,133341.81,388.12,39691.539839483456,1
ACC_000659,10,514814.21,51481.421,279454.44,2616.33,96467.19779411588,1
ACC_000660,9,132480.38,14720.042222222222,50407.05,611.54,16083.969947299844,0
ACC_000661,13,159141.08000000002,12241.621538461539,35599.51,1471.19,8918.91872115752,0
ACC_000662,6,85073.17,14178.861666666666,34928.17,4539.66,11112.540787248281,1
ACC_000663,8,169416.05000000002,21177.006250000002,93946.77,2176.29,31255.105529139644,0
ACC_000664,10,103561.84999999999,10356.185,20601.42,2646.93,6226.923723498805,0
ACC_000665,12,167972.88999999998,13997.740833333331,79334.54,1734.24,21358.11372178709,0
ACC_000666,11,267682.45,24334.768181818185,113824.91,778.6,42598.37258199609,0
ACC_000667,8,211976.38,26497.0475,100461.23,1933.29,33297.98153113864,0
ACC_000668,14,600991.73,42927.98071428571,381333.05,528.72,100135.10008115278,1
ACC_000669,4,65470.28,16367.57,31254.51,4143.49,12097.746337749579,0
ACC_000670,2,44556.340000000004,22278.170000000002,34360.44,10195.9,17086.91009825358,0
ACC_000671,8,72605.23,9075.65375,32180.89,249.78,10378.602654474029,0
ACC_000672,8,188388.42,23548.5525,101352.21,1819.68,32451.08992643402,1
ACC_000673,12,261867.31,21822.275833333333,84434.27,1618.81,22848.66879636594,0
ACC_000674,15,137541.95,9169.463333333335,30468.97,1613.21,7061.849956759274,0
ACC_000675,13,198889.33000000002,15299.179230769232,48729.33,773.71,15618.669322824026,0
ACC_000676,6,38793.47,6465.578333333334,12296.85,1225.11,4357.640551332414,0
ACC_000677,10,159360.53,15936.053,79615.49,1232.42,23451.82402224377,0
ACC_000678,7,571145.1599999999,81592.1657142857,359666.79,1800.68,127659.17933388101,1
ACC_000679,17,332099.77,19535.280588235295,89797.1,679.69,27453.527454386094,1
ACC_000680,4,84939.93,21234.9825,54521.6,5660.07,22957.248240738514,0
ACC_000681,9,98545.87,10949.54111111111,41472.69,795.6,16808.7646187766,0
ACC_000682,11,200491.24,18226.476363636364,37582.36,1455.45,13009.126706657347,0
ACC_000683,6,38950.4,6491.733333333334,16948.48,2364.58,5375.3655747331895,0
ACC_000684,12,131859.1,10988.258333333333,61127.26,1510.08,16357.91832706263,0
ACC_000685,9,521392.49000000005,57932.49888888889,400427.64,1812.86,130057.56955341849,2
ACC_000686,11,230382.29,20943.844545454547,170630.89,894.76,50277.52206617673,0
ACC_000687,7,164899.66999999998,23557.09571428571,108294.34,1850.04,39008.24773503157,1
ACC_000688,7,145441.74000000002,20777.39142857143,113094.07,985.74,40851.05275207908,0
ACC_000689,7,308259.48,44037.06857142857,211970.63,694.42,77374.43223232884,0
ACC_000690,13,181396.68,13953.590769230768,53693.7,290.45,16315.16580968837,0
ACC_000691,9,258044.76999999996,28671.64111111111,179923.74,1830.83,57748.01270764355,0
ACC_000692,6,32963.46,5493.91,18973.61,356.46,7045.12643619403,0
ACC_000693,16,1925743.43,120358.964375,862727.06,1089.95,227322.7087766452,3
ACC_000694,5,59437.380000000005,11887.476,42083.8,756.61,17313.340638312122,0
ACC_000695,6,55279.369999999995,9213.228333333333,20142.54,1990.42,7139.334259314146,0
ACC_000696,12,280037.77,23336.480833333335,73062.72,1503.77,22936.11569606702,1
ACC_000697,7,363912.01,51987.43,143593.73,8243.07,51588.92557042839,2
ACC_000698,10,416649.14,41664.914000000004,206487.39,1215.09,65601.0014029251,0
ACC_000699,8,60248.61,7531.07625,26386.9,635.98,8051.996552392523,0
ACC_000700,18,435289.96,24182.775555555556,198846.07,855.86,45129.63135993562,0
ACC_000701,15,340931.19,22728.746,240192.68,179.1,60703.96256153192,0
ACC_000702,11,224735.94,20430.54,55625.66,4945.77,16139.52606918865,1
ACC_000703,14,1736771.55,124055.11071428572,901202.49,1312.11,288583.44009977824,1
ACC_000704,7,139299.68,19899.954285714284,38723.79,717.73,17594.085733250304,0
ACC_000705,11,126459.45000000001,11496.313636363637,33771.23,1817.36,9601.97866973706,0
ACC_000706,8,60724.3,7590.5375,22660.32,1948.74,6801.6487604398435,0
ACC_000707,12,225739.27,18811.60583333333,105804.0,703.83,28941.53499528708,1
ACC_000708,12,112376.43,9364.7025,19577.94,4394.58,4718.615637083565,0
ACC_000709,6,194222.27000000002,32370.378333333338,96163.42,4883.34,36054.159479493304,1
ACC_000710,9,141902.82,15766.980000000001,47971.05,4821.93,15176.78679078266,0
ACC_000711,16,541564.0599999999,33847.753749999996,294011.07,463.18,76013.81998005036,0
ACC_000712,13,291003.79,22384.90692307692,77450.05,1593.14,25532.302347034296,0
ACC_000713,10,191851.61,19185.161,99486.53,1425.65,29024.05677573441,1
ACC_000714,10,240071.23,24007.123,87945.57,2425.08,30193.005004333205,0
ACC_000715,19,929455.26,48918.69789473684,515571.52,404.37,114843.68652525918,1
ACC_000716,9,106409.41,11823.267777777779,23666.74,1670.74,8515.686659683965,0
ACC_000717,13,381708.08999999997,29362.160769230766,253237.65,2126.46,68243.81761770531,0
ACC_000718,8,187290.89,23411.36125,54555.66,566.17,17250.641852873963,0
ACC_000719,8,70426.86,8803.3575,24091.81,2806.06,7154.016274578617,0
ACC_000720,10,367197.68000000005,36719.768000000004,178511.73,1993.38,58836.09275402581,2
ACC_000721,6,112734.21,18789.035,40905.3,5983.04,12315.67603198907,0
ACC_000722,11,127412.61,11582.964545454546,39000.62,990.1,11736.087278638792,0
ACC_000723,7,289895.35,41413.62142857142,148890.38,2916.54,56114.14479727739,1
ACC_000724,9,210683.01,23409.223333333335,99453.6,1260.42,31373.792389998453,0
ACC_000725,3,34118.1,11372.699999999999,25605.94,250.76,12960.7649841975,0
ACC_000726,9,142659.55000000002,15851.061111111114,78259.82,2379.2,23994.091304015063,1
ACC_000727,6,456874.41,76145.735,351791.91,3382.59,136830.00892906668,2
ACC_000728,6,135105.21,22517.535,70342.29,1546.7,25389.752326584636,0
ACC_000729,12,465962.69,38830.22416666667,227091.63,1308.66,64026.67960353281,1
ACC_000730,13,233150.47,17934.651538461538,73179.88,2727.68,20930.985520769143,1
ACC_000731,11,537481.28,48861.93454545455,222257.53,887.56,81564.81820343062,1
ACC_000732,7,80569.6,11509.942857142858,20732.31,3101.78,8027.734399701895,0
ACC_000733,8,86115.76000000001,10764.470000000001,58224.05,817.32,19443.951996897573,0
ACC_000734,8,468642.46,58580.3075,260109.72,1793.98,93634.29273832284,2
ACC_000735,10,171316.74,17131.674,50677.25,3087.95,17140.687539727867,1
ACC_000736,8,252451.28,31556.41,154254.66,5370.86,50232.733527681514,0
ACC_000737,9,164756.57,18306.285555555558,96477.41,1074.4,30275.939127260823,0
ACC_000738,5,22325.03,4465.005999999999,6907.73,2873.28,1788.1963390047526,0
ACC_000739,11,112890.1,10262.736363636364,43555.9,1433.91,11248.448334227502,0
ACC_000740,7,190665.77000000002,27237.967142857146,57201.69,5801.97,18251.876151152894,0
ACC_000741,9,124355.89,13817.32111111111,29328.52,1723.39,8946.067367966,0
ACC_000742,13,679606.55,52277.42692307693,359400.48,4807.38,98766.74921092349,1
ACC_000743,10,121425.6,12142.560000000001,29273.51,1477.28,13081.688635894407,0
ACC_000744,7,307504.37,43929.19571428571,244575.37,3012.67,88674.57414915749,1
ACC_000745,11,111691.47,10153.77,55905.88,1206.37,15471.833126351898,0
ACC_000746,9,145958.36,16217.595555555554,100638.39,1102.14,31794.261652566376,0
ACC_000747,14,207879.35,14848.525,64268.99,1334.49,16381.63163418277,0
ACC_000748,8,66984.63,8373.07875,18617.57,1193.84,6861.234630517491,0
ACC_000749,11,136911.95,12446.54090909091,43582.51,1716.82,13727.382738505148,0
ACC_000750,9,195784.34,21753.815555555557,93728.79,1568.73,31891.525810638595,0
ACC_000751,6,181704.76,30284.126666666667,91888.16,662.64,36554.087308518414,0
ACC_000752,12,743053.7100000001,61921.14250000001,532152.78,2110.41,152084.46065736425,1
ACC_000753,17,303710.02,17865.295294117648,90768.24,316.08,23431.668771107386,0
ACC_000754,7,153766.94,21966.705714285716,60363.66,1672.62,22536.7516851489,0
ACC_000755,7,245687.53999999998,35098.219999999994,179091.33,3714.4,64204.200915413625,0
ACC_000756,16,324069.3,20254.33125,56259.74,243.32,17981.905119082305,0
ACC_000757,18,765151.62,42508.42333333333,223506.08,836.05,67794.18358702368,1
ACC_000758,8,92500.36,11562.545,56877.89,1065.49,18612.56354616649,0
ACC_000759,8,84143.51000000001,10517.938750000001,44201.92,1716.55,14157.64439644174,0
ACC_000760,7,59419.369999999995,8488.481428571427,14706.68,3105.62,3737.586947873492,0
ACC_000761,7,73765.95,10537.992857142857,32148.94,542.75,10550.59780597086,0
ACC_000762,4,248238.01,62059.5025,217301.81,4190.4,103784.42285260808,2
ACC_000763,11,253970.62,23088.238181818182,51631.76,4474.02,16009.088190489687,0
ACC_000764,11,146076.53,13279.684545454546,43437.29,2171.47,13200.721590144509,0
ACC_000765,12,223321.66,18610.138333333332,115016.13,1034.61,31271.56507512531,0
ACC_000766,11,161734.46,14703.132727272727,57800.42,984.13,16258.24240267569,1
ACC_000767,10,99045.92,9904.592,59486.88,854.05,18021.061885111485,0
ACC_000768,10,186762.34,18676.234,37106.69,393.46,12585.066214104892,1
ACC_000769,10,122641.45999999999,12264.145999999999,26747.63,1237.96,8695.578670037115,0
ACC_000770,15,373179.58,24878.63866666667,123715.48,3685.09,31349.484550820394,1
ACC_000771,5,961569.67,192313.934,792362.25,2459.44,337234.1580859662,3
ACC_000772,10,153682.64,15368.264000000001,82456.96,1251.5,25085.829480999913,0
ACC_000773,13,442468.54,34036.04153846153,130404.23,3530.87,36949.74829922049,2
ACC_000774,6,79022.0,13170.333333333334,59070.6,1858.61,22594.23132145342,0
ACC_000775,15,831870.53,55458.03533333333,446758.11,2027.26,114158.36114653782,2
ACC_000776,10,478318.11,47831.811,397007.94,670.12,122979.95849590494,0
ACC_000777,8,248451.63999999998,31056.454999999998,155380.57,1068.27,53865.46803913087,1
ACC_000778,7,137502.1,19643.157142857144,75876.19,2355.16,25994.77111268323,0
ACC_000779,9,227290.78,25254.53111111111,126643.47,1255.75,39422.002833138264,0
ACC_000780,8,86145.04000000001,10768.130000000001,23327.22,1497.61,8647.024345286154,0
ACC_000781,16,212516.49,13282.280625,31655.87,2122.12,7071.854399559301,0
ACC_000782,13,495229.46,38094.57384615385,274439.87,3538.12,72853.36600235486,1
ACC_000783,7,56825.78,8117.9685714285715,18395.38,1637.08,6687.245535124878,0
ACC_000784,10,133593.17,13359.317000000001,36293.93,3548.28,10056.54511169721,0
ACC_000785,11,268035.06,24366.823636363635,134912.93,2499.7,38387.15385484219,0
ACC_000786,6,49177.649999999994,8196.275,31108.51,1547.6,11356.381025863388,0
ACC_000787,9,65313.49,7257.054444444444,15312.3,1988.01,4678.356714264399,0
ACC_000788,9,170401.45,18933.494444444445,50962.29,1860.47,18401.23022458696,0
ACC_000789,9,234081.38,26009.042222222222,180443.0,764.49,58215.924189189376,0
ACC_000790,4,2367788.38,591947.095,2355813.44,3555.15,1175910.9386701905,1
ACC_000791,11,146626.12,13329.647272727272,23926.28,726.14,8391.361317357383,0
ACC_000792,9,66713.83,7412.647777777778,16723.14,739.05,5446.157757907812,0
ACC_000793,12,130836.09,10903.0075,36030.24,583.84,11233.179339291037,1
ACC_000794,7,119034.01000000001,17004.858571428573,36512.96,612.67,13313.899583385813,0
ACC_000795,10,134917.65,13491.765,41398.19,1168.79,13040.535963799997,1
ACC_000796,8,450858.79,56357.34875,358371.54,761.76,122400.08575381244,0
ACC_000797,8,447752.04,55969.005,302297.06,5356.25,100838.03521600524,1
ACC_000798,15,172108.62,11473.908,52124.08,911.67,13681.325221925794,0
ACC_000799,10,275549.56,27554.956,151403.37,2577.2,44684.21330759648,0
ACC_000800,8,68112.70999999999,8514.088749999999,27399.09,347.31,9683.723475354238,0
ACC_000801,15,364715.06,24314.337333333333,103682.11,1191.4,28458.663016685765,1
ACC_000802,15,455417.99000000005,30361.199333333338,332652.56,1298.95,83918.1036934407,1
ACC_000803,15,331087.79,22072.519333333334,83238.14,1784.58,25277.335379652563,0
ACC_000804,12,165321.86,13776.821666666665,43456.41,2366.42,14527.155730126336,0
ACC_000805,10,727198.03,72719.803,615243.48,2919.78,190848.09586604734,1
ACC_000806,9,93694.56,10410.506666666666,35197.26,3846.75,9515.032607386325,0
ACC_000807,7,68936.67,9848.095714285713,28467.49,3889.51,8461.49840620808,0
ACC_000808,8,176472.09,22059.01125,52377.81,2309.2,15503.715503289097,0
ACC_000809,12,226875.83,18906.319166666664,78482.43,597.53,22574.636559821836,0
ACC_000810,16,238077.0,14879.8125,76334.46,572.53,20691.790128142613,2
ACC_000811,8,81012.73999999999,10126.592499999999,27404.73,1446.59,8672.209428564243,0
ACC_000812,11,111499.57,10136.324545454547,27743.55,1330.09,9739.160491909315,0
ACC_000813,13,150667.85,11589.834615384616,26215.51,2213.08,7682.974493227015,0
ACC_000814,18,319770.05,17765.002777777776,76292.04,1805.44,18714.622656809363,2
ACC_000815,4,40563.69,10140.9225,27117.32,2913.57,11464.701821508123,0
ACC_000816,9,131021.97000000002,14557.996666666668,43653.73,1230.21,13504.528679411585,0
ACC_000817,7,100151.12000000001,14307.302857142859,63199.41,712.68,22258.704403546428,0
ACC_000818,11,125707.95,11427.995454545455,27951.15,503.02,9874.710498678292,0
ACC_000819,14,137680.71,9834.336428571429,33938.45,1229.81,10441.590749995614,1
ACC_000820,10,188500.1,18850.010000000002,88401.53,1283.46,26188.745628840476,0
ACC_000821,4,8907.39,2226.8475,3117.65,1096.51,1034.6393697121396,0
ACC_000822,17,331519.56,19501.150588235294,186408.22,187.5,43518.837167513375,1
ACC_000823,6,264481.49,44080.24833333333,228428.96,1965.93,90407.97032886987,1
ACC_000824,10,264253.89,26425.389000000003,79009.27,2692.91,28591.466214622873,1
ACC_000825,9,235042.7,26115.855555555558,108393.6,691.99,33777.731334297794,2
ACC_000826,12,155509.64,12959.136666666667,40777.51,356.0,13375.952322842346,1
ACC_000827,4,33720.380000000005,8430.095000000001,17032.86,344.85,6844.5406783241,0
ACC_000828,11,566458.22,51496.20181818181,371068.62,577.38,110695.20306803667,2
ACC_000829,11,250042.41,22731.12818181818,95183.93,1103.43,32468.57959465607,0
ACC_000830,10,713808.5399999999,71380.85399999999,560430.59,1239.49,172527.69351523294,2
ACC_000831,14,295748.3,21124.87857142857,111537.25,941.03,30355.863145554413,0
ACC_000832,7,143126.06,20446.579999999998,46221.56,361.68,16340.571848984764,0
ACC_000833,13,147389.36,11337.643076923076,30205.01,567.37,9722.72743206211,0
ACC_000834,13,225940.79,17380.06076923077,45416.99,1211.14,16036.798256940432,1
ACC_000835,13,626028.48,48156.03692307692,261375.17,336.58,80409.72976455983,3
ACC_000836,5,102061.26,20412.252,62023.56,5519.88,23797.48079288793,1
ACC_000837,9,122049.99,13561.11,50985.0,862.77,18066.03422873847,0
ACC_000838,12,360321.63,30026.8025,151091.09,1014.91,44134.501722036446,2
ACC_000839,12,193468.98,16122.415,63224.57,1234.26,19367.081643861344,0
ACC_000840,11,438310.5,39846.40909090909,294461.62,1660.62,86140.44803119524,1
ACC_000841,8,59643.4,7455.425,25166.33,852.47,8163.25283590345,0
ACC_000842,7,388818.69000000006,55545.52714285715,330546.84,672.24,121706.37573503258,1
ACC_000843,9,106473.5,11830.388888888889,56424.29,1541.7,17245.998562191497,1
ACC_000844,13,492547.12,37888.24,320434.53,566.69,86654.49432181001,1
ACC_000845,8,153799.15,19224.89375,84415.04,3021.5,27068.90416310617,0
ACC_000846,10,181703.59,18170.359,81429.55,2389.13,27213.62434157912,1
ACC_000847,14,617107.4299999999,44079.10214285714,209599.36,1143.19,63313.26645294712,1
ACC_000848,13,221839.59,17064.583846153844,58869.46,3370.62,17019.350774105405,2
ACC_000849,12,578403.42,48200.285,212077.97,1287.91,75455.27311872432,3
ACC_000850,12,207381.18,17281.765,40693.55,4692.69,11448.925528162416,0
ACC_000851,15,1116651.54,74443.436,645770.25,247.55,181335.87626685682,1
ACC_000852,9,174547.76,19394.195555555558,106163.21,2624.17,32927.48220689334,0
ACC_000853,15,263048.09,17536.539333333334,74975.08,245.4,20576.809312602545,0
ACC_000854,9,222888.16,24765.35111111111,59788.54,3397.64,18762.63931044447,0
ACC_000855,9,267921.70999999996,29769.078888888886,105485.23,1837.62,31820.290230625036,2
ACC_000856,13,458659.61,35281.50846153846,293394.33,4834.28,78125.6004085609,2
ACC_000857,10,65803.64,6580.364,17065.37,511.68,4994.961205664497,0
ACC_000858,10,134410.23,13441.023000000001,40707.89,3256.33,11908.775337459767,1
ACC_000859,7,31614.82,4516.402857142857,13203.24,216.28,4886.781259857094,0
ACC_000860,11,157365.22,14305.92909090909,75205.3,487.04,20693.18165318154,0
ACC_000861,7,571357.02,81622.43142857144,520014.0,2482.77,193382.67876546003,1
ACC_000862,9,157214.34,17468.26,115270.55,1005.21,36835.234090595586,0
ACC_000863,15,781656.23,52110.41533333333,525590.87,2474.43,131706.61728758187,2
ACC_000864,8,151456.28,18932.035,70134.92,1047.6,22462.741942603534,0
ACC_000865,8,351713.16000000003,43964.145000000004,217883.51,2824.49,71361.78523760279,1
ACC_000866,8,136069.09,17008.63625,73557.33,1115.78,24001.660955665986,0
ACC_000867,8,174354.59000000003,21794.323750000003,93947.49,5229.43,29500.412486485646,0
ACC_000868,10,303145.91,30314.590999999997,194685.83,998.81,58566.46101308921,2
ACC_000869,4,41891.96,10472.99,12467.32,8284.01,2180.709090471874,0
ACC_000870,12,75019.43000000001,6251.619166666667,19880.45,886.65,5929.321760255948,0
ACC_000871,7,42562.270000000004,6080.324285714286,15058.17,751.18,4808.354396145169,0
ACC_000872,7,78068.45999999999,11152.637142857142,16623.18,2060.68,6123.628997832125,0
ACC_000873,10,188874.65,18887.465,65455.76,1078.1,23336.4905432121,1
ACC_000874,5,234464.88999999998,46892.977999999996,108114.42,6920.43,41837.09285132118,1
ACC_000875,7,130877.18000000001,18696.74,70630.53,406.92,26232.496167808735,0
ACC_000876,11,460195.36,41835.94181818182,278985.0,611.51,80625.56274717527,0
ACC_000877,8,66913.01,8364.12625,16377.06,1351.6,5751.146713199123,0
ACC_000878,3,47036.119999999995,15678.706666666665,41096.7,1272.37,22077.969831839913,0
ACC_000879,11,230086.44,20916.949090909093,128587.71,1025.87,37111.57805879627,0
ACC_000880,11,98528.96,8957.178181818183,16784.66,180.46,4932.170582246356,0
ACC_000881,10,667931.1900000001,66793.119,326001.4,327.18,122443.16880349872,1
ACC_000882,10,666614.81,66661.481,563156.78,378.32,174703.70155930307,1
ACC_000883,10,153987.19,15398.719000000001,47622.23,1872.42,16087.796902188835,0
ACC_000884,10,181621.1,18162.11,82339.36,2471.17,24157.53495395082,1
ACC_000885,10,242646.2,24264.620000000003,132031.44,897.45,40008.64272229689,1
ACC_000886,13,205809.82,15831.524615384616,39881.52,1241.62,13467.205468045711,0
ACC_000887,9,444228.3,49358.7,231110.36,2624.9,72298.37239852845,1
ACC_000888,7,82871.37,11838.767142857143,48607.99,780.96,16568.200874337275,0
ACC_000889,10,319487.74,31948.773999999998,186581.89,1268.93,57081.088533642345,1
ACC_000890,12,120250.63,10020.885833333334,43137.39,2055.75,11557.273152050151,0
ACC_000891,9,127598.12999999999,14177.57,49937.81,3413.37,14251.461147091199,0
ACC_000892,15,515264.77,34350.98466666667,343584.99,457.01,86051.17001424932,2
ACC_000893,9,117213.54000000001,13023.726666666667,66859.23,620.35,20668.409719348874,0
ACC_000894,4,70613.83,17653.4575,27971.97,9702.73,7588.431849762615,0
ACC_000895,10,307127.7,30712.77,117924.36,1349.9,35321.00556727651,0
ACC_000896,21,1758955.87,83759.80333333334,1372063.06,970.92,296960.32810769044,2
ACC_000897,7,37486.729999999996,5355.2471428571425,10779.44,1073.2,3759.271782432134,0
ACC_000898,9,137863.25,15318.138888888889,36217.24,579.98,13666.381888629523,1
ACC_000899,14,257801.71,18414.407857142858,80370.83,968.18,21494.86267469229,0
ACC_000900,13,719124.2,55317.24615384615,571499.33,1248.2,155604.42611034834,2
ACC_000901,11,103982.91,9452.99181818182,42677.98,599.67,11922.148084381286,0
ACC_000902,7,167979.56999999998,23997.081428571426,72490.56,1731.88,26171.63761727278,0
ACC_000903,12,846618.35,70551.52916666666,624431.88,3177.22,175075.24350115206,2
ACC_000904,13,391775.59,30136.583846153848,276968.21,350.11,75031.31254567929,0
ACC_000905,10,160551.44,16055.144,26981.4,5944.31,6353.2108835755025,1
ACC_000906,15,216284.04,14418.936,60107.23,624.56,16023.911885252614,1
ACC_000907,11,422039.16000000003,38367.196363636365,318974.32,1609.13,94185.55918949978,1
ACC_000908,9,2392384.08,265820.45333333337,2258394.27,1573.82,747313.6132699245,1
ACC_000909,8,184868.07,23108.50875,69914.86,803.38,24561.452250723774,1
ACC_000910,11,688966.59,62633.32636363636,272203.29,3102.83,98079.28183219016,3
ACC_000911,10,319855.11,31985.511,137716.55,482.73,42483.62393786874,1
ACC_000912,9,114623.45999999999,12735.939999999999,31232.8,900.76,10935.522216542748,0
ACC_000913,8,208623.09,26077.88625,64134.62,5120.75,24236.86028804706,1
ACC_000914,16,262642.3,16415.14375,44278.1,811.74,14166.702685745837,0
ACC_000915,11,76389.01,6944.455454545454,18217.98,1230.22,5637.9210426031395,0
ACC_000916,15,190618.9,12707.926666666666,38681.18,2109.41,11600.391941457756,0
ACC_000917,10,238930.24,23893.023999999998,68744.96,5224.88,22049.57362312287,1
ACC_000918,9,72879.70999999999,8097.745555555554,26764.52,1706.17,7697.661395454971,0
ACC_000919,6,124020.59,20670.09833333333,88737.65,1341.63,34589.95456535924,2
ACC_000920,14,141494.9,10106.778571428571,45626.24,763.41,11325.3798661922,1
ACC_000921,7,78276.88,11182.41142857143,28505.28,647.57,11200.778050914483,0
ACC_000922,10,226072.26,22607.226000000002,68990.91,664.52,21293.336034059106,1
ACC_000923,7,219108.12,31301.16,154359.56,760.13,54867.1279291508,1
ACC_000924,12,274505.02,22875.418333333335,125239.38,829.15,34385.586239232915,1
ACC_000925,11,259132.3,23557.481818181815,110388.84,570.57,37189.29349354403,3
ACC_000926,12,231509.21,19292.434166666666,115519.65,409.55,32630.640135591868,0
ACC_000927,10,301950.07,30195.007,191845.32,1490.3,57994.3372725951,1
ACC_000928,8,253699.84,31712.48,168706.08,209.85,56558.14076379911,0
ACC_000929,7,1597262.8499999999,228180.40714285712,1510577.13,2917.0,565872.408671119,1
ACC_000930,9,152251.22,16916.80222222222,52863.4,2373.44,16710.218200853018,0
ACC_000931,8,194233.56999999998,24279.196249999997,125163.04,2217.9,41724.286129327236,1
ACC_000932,12,94726.98,7893.915,22473.57,817.64,6484.677027716253,1
ACC_000933,14,215474.67,15391.047857142858,49681.4,957.33,13973.194858899378,0
ACC_000934,7,94019.84000000001,13431.405714285716,37773.16,4134.36,12269.131798172542,0
ACC_000935,6,39857.68,6642.946666666667,17564.37,876.89,6083.332277844657,0
ACC_000936,10,194274.17,19427.417,84429.46,884.1,25928.588463318953,0
ACC_000937,12,119751.26000000001,9979.271666666667,36004.25,593.74,10397.257033358568,0
ACC_000938,6,208410.54,34735.090000000004,136122.72,1924.54,51183.747575999165,1
ACC_000939,8,64012.950000000004,8001.618750000001,15386.05,1299.03,6060.526936181698,0
ACC_000940,11,431974.82,39270.43818181818,217544.08,1662.22,65687.16205830249,2
ACC_000941,15,133907.06,8927.137333333334,29567.08,2501.99,7581.847856686076,0
ACC_000942,9,167448.59,18605.39888888889,53795.44,3360.42,16266.432935796378,0
ACC_000943,7,311247.36,44463.90857142857,197198.34,4516.31,69187.68094038453,1
ACC_000944,14,928514.39,66322.45642857143,480533.3,711.08,129494.63616638309,3
ACC_000945,14,253517.73,18108.409285714286,59764.72,2562.33,14488.034823460075,0
ACC_000946,10,618369.51,61836.951,440757.68,4994.31,134245.643747749,2
ACC_000947,8,201506.11,25188.26375,87968.25,2604.78,28203.79090644576,0
ACC_000948,10,98735.3,9873.53,24555.83,233.9,7340.732009039244,1
ACC_000949,15,181205.63,12080.375333333333,33727.61,1944.81,11284.483067615374,0
ACC_000950,2,17341.07,8670.535,9424.63,7916.44,1066.4513763177385,0
ACC_000951,10,193980.41999999998,19398.041999999998,74307.29,1494.95,20960.632159155888,1
ACC_000952,8,128778.65,16097.33125,62140.21,1137.19,20716.11574707716,0
ACC_000953,8,526476.16,65809.52,339722.2,389.03,119846.07368742158,1
ACC_000954,10,90371.48999999999,9037.149,32464.35,788.21,10037.230461674453,1
ACC_000955,9,128850.5,14316.722222222223,49319.48,1933.89,15206.200839824998,0
ACC_000956,11,247129.29,22466.29909090909,44455.22,5615.34,14619.49479322145,0
ACC_000957,20,384405.17,19220.2585,99322.89,991.11,25359.59186172868,0
ACC_000958,10,204047.53,20404.753,50716.06,1432.66,20423.64649815233,1
ACC_000959,12,228512.7,19042.725000000002,90786.43,1309.38,28063.042505820707,1
ACC_000960,8,112666.08,14083.26,33674.4,1596.38,11465.882168577971,0
ACC_000961,12,190629.07,15885.755833333335,86831.84,626.96,27824.134379263905,0
ACC_000962,8,1180134.72,147516.84,1137798.36,1729.18,400162.3936018134,2
ACC_000963,11,162931.75,14811.977272727272,50901.82,1644.5,14512.38245135587,1
ACC_000964,9,123935.11,13770.567777777778,63757.92,2035.56,19242.810752532212,1
ACC_000965,11,321886.62,29262.42,237487.26,3226.6,69310.24334467453,1
ACC_000966,15,248903.85,16593.59,37819.5,2312.83,12978.900544335685,0
ACC_000967,14,191757.22999999998,13696.944999999998,60948.89,974.12,17801.72191396264,0
ACC_000968,8,1055417.94,131927.2425,578530.38,4823.42,219837.39402607392,2
ACC_000969,12,765396.54,63783.045000000006,496353.7,1912.49,141650.43021832683,1
ACC_000970,6,39277.03,6546.171666666666,12009.53,1919.16,4247.974392928548,0
ACC_000971,12,207032.25,17252.6875,109526.73,1693.4,32474.13074993642,1
ACC_000972,10,229774.39,22977.439000000002,107346.69,651.95,33081.65725258954,0
ACC_000973,13,279540.21,21503.09307692308,120924.66,1834.67,33364.378465646405,0
ACC_000974,14,461138.38,32938.455714285716,209732.84,237.04,67256.68870350033,1
ACC_000975,11,224933.6,20448.50909090909,96247.49,985.82,28626.785288942403,1
ACC_000976,9,183522.94,20391.437777777777,73611.85,859.46,22002.992272680654,1
ACC_000977,16,449687.01,28105.438125,236604.65,1466.01,57908.0658609066,1
ACC_000978,9,104180.63,11575.625555555556,27211.86,1111.79,10041.90649792049,2
ACC_000979,7,60628.95,8661.278571428571,26721.45,1346.62,9727.463212224498,0
ACC_000980,10,96204.65000000001,9620.465,34955.59,2254.13,9897.44541395994,0
ACC_000981,10,308032.38,30803.238,131566.57,1500.15,46232.57153971857,1
ACC_000982,11,252315.35,22937.75909090909,84966.89,1315.24,23624.249203069063,0
ACC_000983,12,151434.09,12619.5075,46347.87,662.2,18001.65167348623,0
ACC_000984,6,137530.88,22921.813333333335,94351.78,1959.28,35293.54182332041,0
ACC_000985,11,380581.94,34598.358181818185,97741.16,2158.67,34052.15514758143,0
ACC_000986,11,121635.75,11057.795454545454,23719.34,878.12,8642.822374781706,0
ACC_000987,12,82911.06,6909.255,21566.25,237.82,6276.807648644478,0
ACC_000988,12,171014.65000000002,14251.220833333335,61082.3,169.83,19303.088112814046,0
ACC_000989,7,129291.09,18470.155714285713,66552.94,5063.89,22333.683803966644,0
ACC_000990,12,161408.88,13450.74,57916.21,1016.06,19155.569009717157,0
ACC_000991,10,112287.25,11228.725,40563.18,1373.76,11725.373080068948,0
ACC_000992,16,264795.72,16549.7325,53712.82,1166.59,15592.514001682774,1
ACC_000993,12,82195.8,6849.650000000001,24161.17,1307.84,6541.53602609023,1
ACC_000994,12,140285.08,11690.423333333332,42556.62,2158.73,11769.59825675173,0
ACC_000995,14,490183.27999999997,35013.091428571424,355922.43,736.68,92782.98961413214,0
ACC_000996,7,232874.51,33267.787142857145,86426.59,1292.46,34830.29601606946,1
ACC_000997,8,124986.65000000001,15623.331250000001,61673.62,3840.18,19807.716270934445,1
ACC_000998,10,879094.81,87909.481,791658.43,707.1,247391.12458390405,2
ACC_000999,13,219306.35,16869.71923076923,99314.78,299.76,26771.503733013848,0
ACC_001000,11,56835.31,5166.846363636363,20541.17,941.08,5475.036857735796,0
