account_id,customer_id,account_type,balance,account_status
ACC_000001,CUST_00001,Savings,210805,Active
ACC_000002,CUST_00001,Current,1873427,Active
ACC_000003,CUST_00001,Savings,4575866,Active
ACC_000004,CUST_00002,Savings,250957,Active
ACC_000005,CUST_00002,Current,4240227,Active
ACC_000006,CUST_00003,Current,4572300,Active
ACC_000007,CUST_00003,Business,4944118,Active
ACC_000008,CUST_00003,Savings,1340319,Active
ACC_000009,CUST_00004,Salary,1305256,Active
ACC_000010,CUST_00004,Salary,858401,Active
ACC_000011,CUST_00005,Salary,2886309,Active
ACC_000012,CUST_00006,Business,4499207,Active
ACC_000013,CUST_00007,Savings,4631852,Active
ACC_000014,CUST_00007,Salary,4844180,Active
ACC_000015,CUST_00008,Savings,1912749,Active
ACC_000016,CUST_00009,Current,848261,Active
ACC_000017,CUST_00010,Salary,1365441,Active
ACC_000018,CUST_00010,Current,2240572,Active
ACC_000019,CUST_00011,Savings,1436615,Active
ACC_000020,CUST_00011,Current,1371719,Active
ACC_000021,CUST_00011,Salary,4673033,Active
ACC_000022,CUST_00012,Savings,1922394,Active
ACC_000023,CUST_00012,Salary,3366214,Active
ACC_000024,CUST_00013,Salary,1784640,Active
ACC_000025,CUST_00014,Business,1199493,Active
ACC_000026,CUST_00014,Current,4710097,Active
ACC_000027,CUST_00015,Business,4896028,Active
ACC_000028,CUST_00015,Current,1161410,Active
ACC_000029,CUST_00015,Savings,396240,Dormant
ACC_000030,CUST_00016,Current,3542334,Active
ACC_000031,CUST_00017,Business,4999674,Closed
ACC_000032,CUST_00017,Salary,4641795,Dormant
ACC_000033,CUST_00018,Savings,4505433,Active
ACC_000034,CUST_00019,Salary,936767,Active
ACC_000035,CUST_00019,Current,3807110,Active
ACC_000036,CUST_00019,Salary,4200220,Active
ACC_000037,CUST_00020,Savings,2504536,Active
ACC_000038,CUST_00020,Current,1283108,Active
ACC_000039,CUST_00020,Current,4525639,Closed
ACC_000040,CUST_00021,Savings,2720218,Active
ACC_000041,CUST_00021,Savings,3045903,Dormant
ACC_000042,CUST_00021,Salary,2009671,Active
ACC_000043,CUST_00022,Savings,719513,Active
ACC_000044,CUST_00022,Savings,4469663,Active
ACC_000045,CUST_00022,Current,3987957,Dormant
ACC_000046,CUST_00023,Salary,4427448,Dormant
ACC_000047,CUST_00024,Current,4524943,Active
ACC_000048,CUST_00024,Current,2615865,Active
ACC_000049,CUST_00025,Salary,3676049,Dormant
ACC_000050,CUST_00025,Business,1016056,Active
ACC_000051,CUST_00025,Savings,2837067,Active
ACC_000052,CUST_00026,Current,4937193,Active
ACC_000053,CUST_00026,Savings,494868,Active
ACC_000054,CUST_00026,Savings,2772835,Active
ACC_000055,CUST_00027,Salary,4072951,Active
ACC_000056,CUST_00028,Business,2039408,Active
ACC_000057,CUST_00029,Current,792262,Active
ACC_000058,CUST_00029,Business,2973063,Active
ACC_000059,CUST_00030,Savings,826588,Active
ACC_000060,CUST_00030,Salary,917615,Active
ACC_000061,CUST_00031,Business,1176934,Active
ACC_000062,CUST_00032,Business,2096528,Dormant
ACC_000063,CUST_00032,Savings,3718250,Active
ACC_000064,CUST_00033,Savings,425365,Active
ACC_000065,CUST_00033,Savings,783344,Dormant
ACC_000066,CUST_00033,Current,1396118,Active
ACC_000067,CUST_00034,Current,3365169,Dormant
ACC_000068,CUST_00034,Current,3180056,Active
ACC_000069,CUST_00035,Salary,3817886,Active
ACC_000070,CUST_00035,Business,1299529,Active
ACC_000071,CUST_00036,Savings,4859516,Active
ACC_000072,CUST_00037,Salary,480537,Active
ACC_000073,CUST_00038,Current,478140,Closed
ACC_000074,CUST_00038,Savings,1559812,Active
ACC_000075,CUST_00039,Current,3388114,Active
ACC_000076,CUST_00040,Current,4857325,Active
ACC_000077,CUST_00040,Savings,3517713,Active
ACC_000078,CUST_00040,Salary,2188461,Active
ACC_000079,CUST_00041,Salary,2003242,Active
ACC_000080,CUST_00041,Current,2517557,Active
ACC_000081,CUST_00041,Savings,79143,Active
ACC_000082,CUST_00042,Savings,615555,Active
ACC_000083,CUST_00042,Salary,1112126,Dormant
ACC_000084,CUST_00042,Savings,2050206,Active
ACC_000085,CUST_00043,Business,4557842,Active
ACC_000086,CUST_00044,Savings,4653341,Active
ACC_000087,CUST_00044,Savings,1127515,Active
ACC_000088,CUST_00044,Savings,4641776,Active
ACC_000089,CUST_00045,Current,2877288,Active
ACC_000090,CUST_00045,Salary,4240678,Active
ACC_000091,CUST_00046,Savings,3554211,Active
ACC_000092,CUST_00047,Savings,2799075,Active
ACC_000093,CUST_00048,Salary,1356447,Active
ACC_000094,CUST_00048,Business,4706227,Active
ACC_000095,CUST_00048,Savings,1251357,Active
ACC_000096,CUST_00049,Current,3606312,Active
ACC_000097,CUST_00049,Salary,3059918,Dormant
ACC_000098,CUST_00050,Salary,1763249,Active
ACC_000099,CUST_00051,Savings,2967871,Active
ACC_000100,CUST_00051,Business,1297487,Dormant
ACC_000101,CUST_00051,Current,1364163,Closed
ACC_000102,CUST_00052,Business,208923,Active
ACC_000103,CUST_00053,Business,2082777,Active
ACC_000104,CUST_00053,Savings,3209992,Dormant
ACC_000105,CUST_00054,Current,1675138,Active
ACC_000106,CUST_00054,Business,2934147,Active
ACC_000107,CUST_00055,Current,199511,Active
ACC_000108,CUST_00056,Salary,2338091,Dormant
ACC_000109,CUST_00056,Salary,2946627,Active
ACC_000110,CUST_00057,Salary,232530,Active
ACC_000111,CUST_00057,Salary,1498935,Active
ACC_000112,CUST_00058,Savings,910346,Active
ACC_000113,CUST_00058,Salary,2632316,Active
ACC_000114,CUST_00059,Savings,3232253,Dormant
ACC_000115,CUST_00059,Current,2137767,Active
ACC_000116,CUST_00059,Business,15187,Active
ACC_000117,CUST_00060,Current,3056311,Active
ACC_000118,CUST_00060,Salary,2634315,Active
ACC_000119,CUST_00060,Savings,2520285,Active
ACC_000120,CUST_00061,Business,2737220,Active
ACC_000121,CUST_00061,Salary,4651748,Active
ACC_000122,CUST_00061,Business,3181501,Active
ACC_000123,CUST_00062,Salary,3407405,Active
ACC_000124,CUST_00063,Salary,2407806,Active
ACC_000125,CUST_00064,Salary,3901603,Active
ACC_000126,CUST_00064,Current,4289038,Active
ACC_000127,CUST_00064,Current,712316,Active
ACC_000128,CUST_00065,Salary,784388,Active
ACC_000129,CUST_00065,Current,2604987,Active
ACC_000130,CUST_00065,Current,1237094,Active
ACC_000131,CUST_00066,Business,611927,Active
ACC_000132,CUST_00067,Current,3222044,Active
ACC_000133,CUST_00067,Current,1238918,Active
ACC_000134,CUST_00067,Savings,895119,Active
ACC_000135,CUST_00068,Current,4345944,Active
ACC_000136,CUST_00069,Current,1019029,Active
ACC_000137,CUST_00069,Business,4456457,Closed
ACC_000138,CUST_00069,Salary,3713574,Active
ACC_000139,CUST_00070,Business,4596883,Active
ACC_000140,CUST_00070,Current,3982857,Active
ACC_000141,CUST_00070,Current,2327256,Active
ACC_000142,CUST_00071,Business,2007939,Active
ACC_000143,CUST_00071,Savings,2397861,Active
ACC_000144,CUST_00071,Salary,2682918,Dormant
ACC_000145,CUST_00072,Current,1266259,Active
ACC_000146,CUST_00073,Current,1795766,Active
ACC_000147,CUST_00073,Business,2776634,Active
ACC_000148,CUST_00073,Business,523322,Active
ACC_000149,CUST_00074,Business,4900613,Dormant
ACC_000150,CUST_00074,Savings,4830240,Active
ACC_000151,CUST_00075,Salary,2505944,Active
ACC_000152,CUST_00076,Current,4096565,Active
ACC_000153,CUST_00076,Business,4074860,Active
ACC_000154,CUST_00077,Business,1385495,Active
ACC_000155,CUST_00077,Current,4481553,Active
ACC_000156,CUST_00078,Savings,705202,Active
ACC_000157,CUST_00078,Current,3874007,Active
ACC_000158,CUST_00079,Business,2747033,Active
ACC_000159,CUST_00079,Salary,2832159,Active
ACC_000160,CUST_00080,Salary,3537342,Active
ACC_000161,CUST_00080,Savings,3946219,Active
ACC_000162,CUST_00081,Savings,2936680,Active
ACC_000163,CUST_00081,Savings,338709,Active
ACC_000164,CUST_00081,Current,1673358,Active
ACC_000165,CUST_00082,Current,2002060,Active
ACC_000166,CUST_00082,Savings,4731919,Dormant
ACC_000167,CUST_00082,Business,2150527,Active
ACC_000168,CUST_00083,Savings,1374767,Closed
ACC_000169,CUST_00084,Savings,2617887,Active
ACC_000170,CUST_00085,Business,1664710,Active
ACC_000171,CUST_00085,Current,855810,Active
ACC_000172,CUST_00086,Savings,4748386,Active
ACC_000173,CUST_00086,Salary,4469991,Active
ACC_000174,CUST_00087,Savings,4245306,Active
ACC_000175,CUST_00087,Savings,3524708,Active
ACC_000176,CUST_00088,Business,3039253,Active
ACC_000177,CUST_00089,Current,3654130,Active
ACC_000178,CUST_00089,Salary,4515521,Active
ACC_000179,CUST_00090,Business,4971037,Active
ACC_000180,CUST_00090,Current,727981,Active
ACC_000181,CUST_00091,Current,3899257,Active
ACC_000182,CUST_00091,Business,2822899,Active
ACC_000183,CUST_00092,Current,4090865,Active
ACC_000184,CUST_00092,Salary,2855969,Active
ACC_000185,CUST_00093,Salary,4663313,Active
ACC_000186,CUST_00093,Current,719173,Active
ACC_000187,CUST_00093,Business,4099488,Active
ACC_000188,CUST_00094,Business,4118307,Active
ACC_000189,CUST_00095,Savings,2469226,Active
ACC_000190,CUST_00096,Current,2569642,Active
ACC_000191,CUST_00096,Salary,3970996,Active
ACC_000192,CUST_00096,Salary,3570384,Closed
ACC_000193,CUST_00097,Salary,2952200,Active
ACC_000194,CUST_00097,Salary,2573140,Active
ACC_000195,CUST_00097,Savings,1616514,Active
ACC_000196,CUST_00098,Current,1607762,Active
ACC_000197,CUST_00098,Business,2320446,Active
ACC_000198,CUST_00098,Salary,844274,Active
ACC_000199,CUST_00099,Current,3028289,Active
ACC_000200,CUST_00099,Savings,4481649,Active
ACC_000201,CUST_00100,Savings,4642911,Active
ACC_000202,CUST_00101,Business,861567,Dormant
ACC_000203,CUST_00102,Salary,3938586,Active
ACC_000204,CUST_00102,Salary,1547554,Closed
ACC_000205,CUST_00102,Salary,4008482,Active
ACC_000206,CUST_00103,Business,4126069,Active
ACC_000207,CUST_00104,Savings,1273778,Active
ACC_000208,CUST_00104,Salary,715549,Closed
ACC_000209,CUST_00104,Savings,4682455,Active
ACC_000210,CUST_00105,Current,4384656,Active
ACC_000211,CUST_00105,Business,2495378,Dormant
ACC_000212,CUST_00105,Business,2562715,Active
ACC_000213,CUST_00106,Savings,1744051,Active
ACC_000214,CUST_00107,Savings,1318490,Active
ACC_000215,CUST_00107,Savings,1314090,Active
ACC_000216,CUST_00108,Business,2444260,Active
ACC_000217,CUST_00108,Salary,2372613,Active
ACC_000218,CUST_00109,Savings,1959100,Dormant
ACC_000219,CUST_00109,Current,3567324,Active
ACC_000220,CUST_00110,Current,2229286,Active
ACC_000221,CUST_00111,Savings,1392861,Active
ACC_000222,CUST_00112,Salary,3684886,Active
ACC_000223,CUST_00112,Salary,3377486,Dormant
ACC_000224,CUST_00112,Business,3673187,Active
ACC_000225,CUST_00113,Business,2704829,Active
ACC_000226,CUST_00114,Savings,1921357,Closed
ACC_000227,CUST_00115,Savings,2261822,Active
ACC_000228,CUST_00115,Current,3947846,Active
ACC_000229,CUST_00115,Business,2334346,Active
ACC_000230,CUST_00116,Business,4125894,Closed
ACC_000231,CUST_00116,Business,2919908,Active
ACC_000232,CUST_00116,Salary,878447,Dormant
ACC_000233,CUST_00117,Business,4157295,Active
ACC_000234,CUST_00117,Business,4615544,Active
ACC_000235,CUST_00118,Salary,2118275,Active
ACC_000236,CUST_00119,Savings,4552604,Active
ACC_000237,CUST_00119,Savings,1574556,Active
ACC_000238,CUST_00120,Business,3709108,Active
ACC_000239,CUST_00120,Current,2241230,Active
ACC_000240,CUST_00120,Salary,3676184,Dormant
ACC_000241,CUST_00121,Savings,243174,Closed
ACC_000242,CUST_00121,Current,1329572,Active
ACC_000243,CUST_00122,Business,782895,Active
ACC_000244,CUST_00123,Business,986377,Active
ACC_000245,CUST_00124,Business,2449312,Active
ACC_000246,CUST_00125,Business,4048499,Closed
ACC_000247,CUST_00125,Current,3832802,Active
ACC_000248,CUST_00126,Current,4264433,Active
ACC_000249,CUST_00126,Current,586609,Active
ACC_000250,CUST_00127,Salary,4260212,Active
ACC_000251,CUST_00127,Savings,2373625,Active
ACC_000252,CUST_00128,Business,1247508,Active
ACC_000253,CUST_00128,Business,2896109,Active
ACC_000254,CUST_00128,Business,3820707,Dormant
ACC_000255,CUST_00129,Current,4797586,Active
ACC_000256,CUST_00130,Savings,2670056,Active
ACC_000257,CUST_00130,Business,3239663,Closed
ACC_000258,CUST_00131,Current,4156117,Closed
ACC_000259,CUST_00131,Current,4214523,Closed
ACC_000260,CUST_00131,Salary,842919,Dormant
ACC_000261,CUST_00132,Savings,4412997,Dormant
ACC_000262,CUST_00132,Savings,1210263,Active
ACC_000263,CUST_00133,Current,628704,Active
ACC_000264,CUST_00133,Salary,2841057,Active
ACC_000265,CUST_00133,Business,674733,Dormant
ACC_000266,CUST_00134,Business,2657346,Active
ACC_000267,CUST_00134,Business,4539371,Active
ACC_000268,CUST_00134,Savings,1970395,Active
ACC_000269,CUST_00135,Current,759156,Active
ACC_000270,CUST_00135,Savings,844115,Active
ACC_000271,CUST_00136,Salary,243827,Active
ACC_000272,CUST_00136,Savings,2461947,Active
ACC_000273,CUST_00136,Business,1222127,Active
ACC_000274,CUST_00137,Current,1426926,Active
ACC_000275,CUST_00137,Business,2021226,Active
ACC_000276,CUST_00138,Current,1948737,Active
ACC_000277,CUST_00138,Salary,3856156,Active
ACC_000278,CUST_00138,Savings,3903827,Dormant
ACC_000279,CUST_00139,Current,620598,Active
ACC_000280,CUST_00139,Salary,4929908,Active
ACC_000281,CUST_00139,Business,2098975,Active
ACC_000282,CUST_00140,Current,3228040,Dormant
ACC_000283,CUST_00140,Savings,1990825,Active
ACC_000284,CUST_00141,Salary,2477575,Active
ACC_000285,CUST_00141,Business,2303508,Active
ACC_000286,CUST_00142,Savings,4167850,Active
ACC_000287,CUST_00142,Salary,1931372,Active
ACC_000288,CUST_00142,Salary,1838143,Active
ACC_000289,CUST_00143,Salary,1148387,Active
ACC_000290,CUST_00143,Savings,2592516,Active
ACC_000291,CUST_00143,Savings,4862817,Active
ACC_000292,CUST_00144,Savings,2476565,Active
ACC_000293,CUST_00145,Current,1685388,Active
ACC_000294,CUST_00145,Salary,4454112,Active
ACC_000295,CUST_00146,Current,2156621,Dormant
ACC_000296,CUST_00146,Business,2476825,Active
ACC_000297,CUST_00147,Savings,3929648,Closed
ACC_000298,CUST_00147,Current,1893593,Dormant
ACC_000299,CUST_00148,Business,4676077,Active
ACC_000300,CUST_00148,Business,117758,Active
ACC_000301,CUST_00148,Savings,3816021,Active
ACC_000302,CUST_00149,Salary,4904645,Active
ACC_000303,CUST_00149,Salary,909872,Active
ACC_000304,CUST_00149,Business,210921,Active
ACC_000305,CUST_00150,Salary,1857962,Active
ACC_000306,CUST_00150,Business,2535954,Active
ACC_000307,CUST_00150,Savings,1173534,Active
ACC_000308,CUST_00151,Salary,4133434,Active
ACC_000309,CUST_00152,Current,3261197,Active
ACC_000310,CUST_00153,Business,4927967,Active
ACC_000311,CUST_00153,Current,3481303,Active
ACC_000312,CUST_00153,Business,3424524,Dormant
ACC_000313,CUST_00154,Savings,3109230,Active
ACC_000314,CUST_00154,Business,1981656,Dormant
ACC_000315,CUST_00155,Salary,4568310,Dormant
ACC_000316,CUST_00156,Salary,508930,Active
ACC_000317,CUST_00156,Current,1025749,Dormant
ACC_000318,CUST_00156,Business,770012,Active
ACC_000319,CUST_00157,Savings,425283,Active
ACC_000320,CUST_00157,Current,1057326,Active
ACC_000321,CUST_00157,Current,576543,Active
ACC_000322,CUST_00158,Current,4919937,Active
ACC_000323,CUST_00158,Current,2757157,Active
ACC_000324,CUST_00158,Savings,2326949,Dormant
ACC_000325,CUST_00159,Current,4532655,Active
ACC_000326,CUST_00160,Savings,217259,Active
ACC_000327,CUST_00161,Current,4940656,Active
ACC_000328,CUST_00161,Current,2227064,Active
ACC_000329,CUST_00162,Business,4414125,Active
ACC_000330,CUST_00162,Savings,3996040,Active
ACC_000331,CUST_00162,Salary,4306352,Active
ACC_000332,CUST_00163,Current,364772,Active
ACC_000333,CUST_00163,Salary,3843339,Active
ACC_000334,CUST_00164,Savings,4018991,Active
ACC_000335,CUST_00165,Savings,4113673,Active
ACC_000336,CUST_00165,Business,617484,Dormant
ACC_000337,CUST_00166,Current,551982,Active
ACC_000338,CUST_00166,Salary,3196257,Closed
ACC_000339,CUST_00167,Salary,3807040,Active
ACC_000340,CUST_00167,Business,832969,Active
ACC_000341,CUST_00167,Savings,4625935,Active
ACC_000342,CUST_00168,Business,3788917,Dormant
ACC_000343,CUST_00169,Salary,3805224,Active
ACC_000344,CUST_00169,Savings,2622845,Active
ACC_000345,CUST_00170,Salary,3140864,Closed
ACC_000346,CUST_00170,Business,564155,Active
ACC_000347,CUST_00170,Savings,783070,Active
ACC_000348,CUST_00171,Salary,1092487,Active
ACC_000349,CUST_00171,Salary,1026350,Active
ACC_000350,CUST_00171,Business,432560,Closed
ACC_000351,CUST_00172,Salary,2950822,Active
ACC_000352,CUST_00172,Current,1298970,Active
ACC_000353,CUST_00172,Current,908801,Active
ACC_000354,CUST_00173,Salary,964727,Active
ACC_000355,CUST_00173,Current,3600655,Active
ACC_000356,CUST_00173,Savings,2244514,Active
ACC_000357,CUST_00174,Salary,2851655,Active
ACC_000358,CUST_00174,Current,1202680,Active
ACC_000359,CUST_00175,Savings,1191130,Active
ACC_000360,CUST_00175,Savings,770719,Active
ACC_000361,CUST_00176,Business,3522810,Active
ACC_000362,CUST_00177,Salary,2615203,Active
ACC_000363,CUST_00178,Savings,442314,Active
ACC_000364,CUST_00178,Savings,685355,Active
ACC_000365,CUST_00178,Business,4075025,Active
ACC_000366,CUST_00179,Salary,1809323,Active
ACC_000367,CUST_00179,Savings,2896519,Active
ACC_000368,CUST_00180,Business,4421243,Active
ACC_000369,CUST_00180,Savings,1850842,Active
ACC_000370,CUST_00181,Savings,65483,Active
ACC_000371,CUST_00181,Current,1152208,Active
ACC_000372,CUST_00181,Salary,2753489,Active
ACC_000373,CUST_00182,Business,1474834,Active
ACC_000374,CUST_00182,Current,4197504,Active
ACC_000375,CUST_00183,Salary,605613,Active
ACC_000376,CUST_00183,Savings,3660275,Active
ACC_000377,CUST_00183,Savings,2627142,Active
ACC_000378,CUST_00184,Business,3504870,Active
ACC_000379,CUST_00184,Business,175957,Closed
ACC_000380,CUST_00184,Current,3860572,Active
ACC_000381,CUST_00185,Savings,3664403,Active
ACC_000382,CUST_00185,Current,3655719,Active
ACC_000383,CUST_00186,Savings,3320931,Dormant
ACC_000384,CUST_00186,Salary,1859681,Active
ACC_000385,CUST_00186,Current,641716,Active
ACC_000386,CUST_00187,Current,2931772,Active
ACC_000387,CUST_00188,Current,1982966,Active
ACC_000388,CUST_00188,Salary,1655835,Active
ACC_000389,CUST_00188,Current,633109,Active
ACC_000390,CUST_00189,Business,3892920,Active
ACC_000391,CUST_00189,Business,4736300,Active
ACC_000392,CUST_00189,Salary,2652965,Active
ACC_000393,CUST_00190,Business,3710510,Active
ACC_000394,CUST_00191,Savings,2953305,Active
ACC_000395,CUST_00191,Salary,3874376,Active
ACC_000396,CUST_00192,Salary,2409176,Active
ACC_000397,CUST_00193,Business,3882506,Active
ACC_000398,CUST_00194,Savings,3773639,Dormant
ACC_000399,CUST_00194,Current,2698161,Active
ACC_000400,CUST_00194,Current,520034,Active
ACC_000401,CUST_00195,Savings,4233463,Active
ACC_000402,CUST_00195,Savings,2079224,Active
ACC_000403,CUST_00196,Current,3053597,Active
ACC_000404,CUST_00196,Salary,3250885,Active
ACC_000405,CUST_00197,Savings,2808242,Active
ACC_000406,CUST_00197,Savings,4681534,Active
ACC_000407,CUST_00198,Salary,1262422,Active
ACC_000408,CUST_00198,Current,2935509,Active
ACC_000409,CUST_00199,Business,1082724,Active
ACC_000410,CUST_00199,Savings,2597961,Active
ACC_000411,CUST_00199,Salary,1073011,Active
ACC_000412,CUST_00200,Savings,3552790,Active
ACC_000413,CUST_00200,Savings,3042689,Active
ACC_000414,CUST_00200,Current,2867658,Dormant
ACC_000415,CUST_00201,Current,1901380,Closed
ACC_000416,CUST_00201,Current,648307,Active
ACC_000417,CUST_00202,Savings,2825984,Dormant
ACC_000418,CUST_00203,Current,3161155,Active
ACC_000419,CUST_00203,Current,1389643,Active
ACC_000420,CUST_00203,Savings,3447531,Active
ACC_000421,CUST_00204,Current,3727208,Active
ACC_000422,CUST_00204,Business,1963958,Active
ACC_000423,CUST_00204,Salary,3935388,Dormant
ACC_000424,CUST_00205,Salary,4786024,Closed
ACC_000425,CUST_00206,Salary,3204378,Active
ACC_000426,CUST_00206,Business,1360442,Active
ACC_000427,CUST_00207,Current,2098178,Active
ACC_000428,CUST_00207,Business,3114952,Active
ACC_000429,CUST_00207,Savings,4328761,Dormant
ACC_000430,CUST_00208,Savings,1345797,Active
ACC_000431,CUST_00208,Current,3670785,Active
ACC_000432,CUST_00209,Business,2933532,Dormant
ACC_000433,CUST_00210,Savings,3326696,Active
ACC_000434,CUST_00210,Current,3240396,Closed
ACC_000435,CUST_00211,Current,237454,Active
ACC_000436,CUST_00211,Savings,2813619,Active
ACC_000437,CUST_00212,Savings,2407518,Dormant
ACC_000438,CUST_00213,Current,3936180,Active
ACC_000439,CUST_00213,Savings,665593,Active
ACC_000440,CUST_00214,Current,4604703,Dormant
ACC_000441,CUST_00215,Business,933702,Active
ACC_000442,CUST_00215,Current,2527239,Active
ACC_000443,CUST_00215,Current,3522751,Active
ACC_000444,CUST_00216,Business,527864,Active
ACC_000445,CUST_00216,Business,4497745,Active
ACC_000446,CUST_00216,Current,1205409,Active
ACC_000447,CUST_00217,Salary,2018999,Active
ACC_000448,CUST_00218,Savings,4392306,Closed
ACC_000449,CUST_00219,Savings,3276363,Dormant
ACC_000450,CUST_00220,Business,3132487,Active
ACC_000451,CUST_00221,Salary,567730,Active
ACC_000452,CUST_00222,Savings,4882358,Active
ACC_000453,CUST_00222,Salary,1120120,Active
ACC_000454,CUST_00222,Salary,1469754,Active
ACC_000455,CUST_00223,Business,4015210,Active
ACC_000456,CUST_00223,Current,530325,Active
ACC_000457,CUST_00223,Business,311242,Active
ACC_000458,CUST_00224,Current,352532,Active
ACC_000459,CUST_00225,Business,4556271,Active
ACC_000460,CUST_00225,Savings,1604091,Active
ACC_000461,CUST_00226,Salary,2292907,Active
ACC_000462,CUST_00227,Business,3356625,Active
ACC_000463,CUST_00227,Business,2845045,Closed
ACC_000464,CUST_00228,Business,3082529,Dormant
ACC_000465,CUST_00228,Salary,693995,Active
ACC_000466,CUST_00229,Business,1514778,Active
ACC_000467,CUST_00230,Savings,672666,Active
ACC_000468,CUST_00230,Salary,2572073,Active
ACC_000469,CUST_00231,Business,1398917,Active
ACC_000470,CUST_00231,Salary,3751795,Active
ACC_000471,CUST_00231,Salary,3649545,Active
ACC_000472,CUST_00232,Savings,3408538,Active
ACC_000473,CUST_00233,Current,262226,Active
ACC_000474,CUST_00233,Business,292914,Active
ACC_000475,CUST_00233,Current,3073985,Active
ACC_000476,CUST_00234,Savings,1288132,Active
ACC_000477,CUST_00234,Salary,3121674,Active
ACC_000478,CUST_00234,Savings,4815404,Active
ACC_000479,CUST_00235,Business,2638256,Active
ACC_000480,CUST_00235,Current,952675,Active
ACC_000481,CUST_00236,Business,4344162,Active
ACC_000482,CUST_00237,Savings,2196941,Active
ACC_000483,CUST_00237,Business,1800947,Closed
ACC_000484,CUST_00237,Salary,4121485,Active
ACC_000485,CUST_00238,Savings,3793008,Active
ACC_000486,CUST_00239,Business,737442,Active
ACC_000487,CUST_00239,Salary,2915414,Active
ACC_000488,CUST_00239,Salary,2517218,Dormant
ACC_000489,CUST_00240,Current,3033416,Active
ACC_000490,CUST_00240,Savings,1686945,Active
ACC_000491,CUST_00240,Current,4145156,Active
ACC_000492,CUST_00241,Salary,3921884,Active
ACC_000493,CUST_00241,Current,724227,Active
ACC_000494,CUST_00241,Business,4016333,Active
ACC_000495,CUST_00242,Savings,1052317,Closed
ACC_000496,CUST_00242,Savings,3775659,Active
ACC_000497,CUST_00243,Salary,1077548,Dormant
ACC_000498,CUST_00243,Current,1083406,Active
ACC_000499,CUST_00243,Savings,1042538,Active
ACC_000500,CUST_00244,Current,1359677,Active
ACC_000501,CUST_00244,Current,2903651,Dormant
ACC_000502,CUST_00245,Salary,662524,Active
ACC_000503,CUST_00245,Salary,1051004,Active
ACC_000504,CUST_00245,Savings,4216889,Active
ACC_000505,CUST_00246,Current,1437134,Active
ACC_000506,CUST_00246,Salary,4728970,Active
ACC_000507,CUST_00246,Savings,682346,Active
ACC_000508,CUST_00247,Salary,1769388,Active
ACC_000509,CUST_00247,Business,255056,Active
ACC_000510,CUST_00247,Salary,2535149,Active
ACC_000511,CUST_00248,Business,2496056,Active
ACC_000512,CUST_00248,Savings,1327074,Active
ACC_000513,CUST_00248,Business,3897023,Active
ACC_000514,CUST_00249,Current,2623132,Dormant
ACC_000515,CUST_00249,Salary,2898178,Closed
ACC_000516,CUST_00249,Current,3109316,Active
ACC_000517,CUST_00250,Salary,2028844,Active
ACC_000518,CUST_00251,Business,2080694,Active
ACC_000519,CUST_00251,Savings,2435474,Dormant
ACC_000520,CUST_00252,Business,2083642,Closed
ACC_000521,CUST_00252,Current,2747730,Dormant
ACC_000522,CUST_00252,Salary,1593443,Active
ACC_000523,CUST_00253,Business,4184899,Dormant
ACC_000524,CUST_00253,Business,195416,Active
ACC_000525,CUST_00254,Business,2020378,Active
ACC_000526,CUST_00254,Salary,409174,Active
ACC_000527,CUST_00255,Business,2398031,Active
ACC_000528,CUST_00255,Savings,3615884,Active
ACC_000529,CUST_00256,Salary,3383740,Active
ACC_000530,CUST_00256,Business,430141,Active
ACC_000531,CUST_00257,Salary,4641770,Active
ACC_000532,CUST_00258,Business,4613535,Active
ACC_000533,CUST_00258,Savings,1080306,Closed
ACC_000534,CUST_00259,Salary,2845453,Active
ACC_000535,CUST_00259,Salary,1211202,Active
ACC_000536,CUST_00260,Business,4195957,Active
ACC_000537,CUST_00260,Savings,1150544,Active
ACC_000538,CUST_00260,Business,4357478,Active
ACC_000539,CUST_00261,Current,2752176,Dormant
ACC_000540,CUST_00261,Salary,1364165,Active
ACC_000541,CUST_00261,Salary,4981523,Active
ACC_000542,CUST_00262,Business,4723150,Active
ACC_000543,CUST_00262,Savings,3091009,Active
ACC_000544,CUST_00262,Savings,3495193,Active
ACC_000545,CUST_00263,Savings,3982151,Active
ACC_000546,CUST_00263,Current,431798,Active
ACC_000547,CUST_00263,Current,4398579,Active
ACC_000548,CUST_00264,Business,1240632,Active
ACC_000549,CUST_00264,Current,265832,Active
ACC_000550,CUST_00264,Savings,1601414,Active
ACC_000551,CUST_00265,Business,1271297,Active
ACC_000552,CUST_00265,Current,3443495,Active
ACC_000553,CUST_00266,Business,523453,Active
ACC_000554,CUST_00266,Current,4706059,Active
ACC_000555,CUST_00266,Business,4409021,Active
ACC_000556,CUST_00267,Business,4473193,Active
ACC_000557,CUST_00268,Salary,4062597,Active
ACC_000558,CUST_00268,Current,2341475,Active
ACC_000559,CUST_00269,Salary,2425342,Active
ACC_000560,CUST_00270,Business,2660530,Active
ACC_000561,CUST_00270,Salary,2415152,Active
ACC_000562,CUST_00270,Business,3310578,Active
ACC_000563,CUST_00271,Salary,353879,Active
ACC_000564,CUST_00272,Savings,2906507,Dormant
ACC_000565,CUST_00272,Salary,4019808,Active
ACC_000566,CUST_00272,Salary,4715548,Active
ACC_000567,CUST_00273,Savings,4923691,Active
ACC_000568,CUST_00274,Current,1954174,Active
ACC_000569,CUST_00275,Salary,3963811,Active
ACC_000570,CUST_00275,Current,44465,Closed
ACC_000571,CUST_00276,Business,3991457,Active
ACC_000572,CUST_00277,Salary,2695149,Active
ACC_000573,CUST_00278,Savings,4817179,Active
ACC_000574,CUST_00279,Savings,1469549,Active
ACC_000575,CUST_00279,Current,305840,Closed
ACC_000576,CUST_00279,Business,4156581,Active
ACC_000577,CUST_00280,Salary,315289,Active
ACC_000578,CUST_00280,Savings,2811536,Active
ACC_000579,CUST_00280,Business,1126750,Dormant
ACC_000580,CUST_00281,Salary,1618419,Active
ACC_000581,CUST_00281,Salary,1364100,Active
ACC_000582,CUST_00282,Salary,1562951,Active
ACC_000583,CUST_00282,Salary,2475842,Active
ACC_000584,CUST_00282,Current,1473158,Active
ACC_000585,CUST_00283,Business,3588834,Active
ACC_000586,CUST_00283,Savings,3363432,Active
ACC_000587,CUST_00283,Current,1180537,Active
ACC_000588,CUST_00284,Savings,2188625,Active
ACC_000589,CUST_00285,Salary,2766097,Active
ACC_000590,CUST_00285,Savings,2195066,Active
ACC_000591,CUST_00286,Current,522136,Active
ACC_000592,CUST_00286,Business,2574678,Active
ACC_000593,CUST_00286,Salary,985954,Active
ACC_000594,CUST_00287,Salary,1853617,Active
ACC_000595,CUST_00287,Current,4012280,Active
ACC_000596,CUST_00288,Salary,3489365,Active
ACC_000597,CUST_00288,Business,4510025,Active
ACC_000598,CUST_00288,Current,2076890,Active
ACC_000599,CUST_00289,Savings,4409269,Active
ACC_000600,CUST_00289,Salary,656173,Dormant
ACC_000601,CUST_00289,Savings,519064,Active
ACC_000602,CUST_00290,Current,4805169,Active
ACC_000603,CUST_00290,Current,2753450,Dormant
ACC_000604,CUST_00290,Business,976091,Active
ACC_000605,CUST_00291,Business,763873,Dormant
ACC_000606,CUST_00291,Business,467706,Active
ACC_000607,CUST_00291,Business,3832903,Active
ACC_000608,CUST_00292,Business,2586113,Active
ACC_000609,CUST_00292,Business,2135541,Active
ACC_000610,CUST_00292,Current,4852226,Active
ACC_000611,CUST_00293,Salary,535856,Active
ACC_000612,CUST_00293,Savings,579974,Closed
ACC_000613,CUST_00294,Savings,2409291,Active
ACC_000614,CUST_00294,Current,3527251,Active
ACC_000615,CUST_00295,Business,3167668,Active
ACC_000616,CUST_00295,Current,2918305,Active
ACC_000617,CUST_00296,Business,4437252,Active
ACC_000618,CUST_00296,Current,30136,Active
ACC_000619,CUST_00296,Salary,3884958,Active
ACC_000620,CUST_00297,Business,4463182,Active
ACC_000621,CUST_00297,Current,2077281,Active
ACC_000622,CUST_00297,Current,2313317,Active
ACC_000623,CUST_00298,Savings,271258,Active
ACC_000624,CUST_00298,Business,132246,Active
ACC_000625,CUST_00298,Savings,847382,Active
ACC_000626,CUST_00299,Savings,2053978,Active
ACC_000627,CUST_00299,Business,3683286,Active
ACC_000628,CUST_00300,Savings,1176542,Active
ACC_000629,CUST_00301,Current,4833763,Active
ACC_000630,CUST_00301,Salary,1988295,Active
ACC_000631,CUST_00302,Current,3470194,Active
ACC_000632,CUST_00303,Current,3584618,Active
ACC_000633,CUST_00304,Salary,3198356,Active
ACC_000634,CUST_00305,Business,3425726,Active
ACC_000635,CUST_00305,Business,1543488,Active
ACC_000636,CUST_00306,Current,1891327,Active
ACC_000637,CUST_00306,Current,3885136,Dormant
ACC_000638,CUST_00307,Business,3494921,Active
ACC_000639,CUST_00307,Current,3259295,Active
ACC_000640,CUST_00307,Current,2771446,Active
ACC_000641,CUST_00308,Salary,776644,Active
ACC_000642,CUST_00308,Current,433320,Active
ACC_000643,CUST_00309,Savings,611559,Active
ACC_000644,CUST_00309,Current,4022450,Active
ACC_000645,CUST_00309,Salary,2544325,Closed
ACC_000646,CUST_00310,Current,1595034,Closed
ACC_000647,CUST_00311,Business,2036019,Active
ACC_000648,CUST_00312,Current,3328190,Dormant
ACC_000649,CUST_00312,Salary,2375472,Active
ACC_000650,CUST_00312,Salary,2588233,Active
ACC_000651,CUST_00313,Business,3910125,Active
ACC_000652,CUST_00313,Business,2687311,Dormant
ACC_000653,CUST_00313,Salary,2625980,Active
ACC_000654,CUST_00314,Current,1225088,Active
ACC_000655,CUST_00314,Business,2477252,Active
ACC_000656,CUST_00314,Salary,1930536,Active
ACC_000657,CUST_00315,Business,4620124,Active
ACC_000658,CUST_00316,Salary,2159613,Active
ACC_000659,CUST_00316,Business,4116414,Active
ACC_000660,CUST_00316,Salary,1420903,Active
ACC_000661,CUST_00317,Business,1544904,Dormant
ACC_000662,CUST_00317,Savings,4396164,Active
ACC_000663,CUST_00317,Savings,407968,Active
ACC_000664,CUST_00318,Current,1942404,Active
ACC_000665,CUST_00318,Current,77684,Active
ACC_000666,CUST_00319,Salary,508092,Active
ACC_000667,CUST_00319,Business,4093419,Active
ACC_000668,CUST_00320,Business,100413,Active
ACC_000669,CUST_00320,Salary,4495096,Closed
ACC_000670,CUST_00320,Savings,4213893,Active
ACC_000671,CUST_00321,Business,1504799,Active
ACC_000672,CUST_00321,Savings,4399863,Active
ACC_000673,CUST_00321,Current,4417232,Active
ACC_000674,CUST_00322,Salary,3330408,Active
ACC_000675,CUST_00322,Business,3851352,Active
ACC_000676,CUST_00323,Current,2517369,Active
ACC_000677,CUST_00323,Savings,266788,Active
ACC_000678,CUST_00323,Business,3164927,Active
ACC_000679,CUST_00324,Savings,1438669,Active
ACC_000680,CUST_00325,Salary,4747749,Closed
ACC_000681,CUST_00325,Savings,4431520,Dormant
ACC_000682,CUST_00326,Current,4755530,Active
ACC_000683,CUST_00327,Savings,2352939,Dormant
ACC_000684,CUST_00328,Savings,1505534,Dormant
ACC_000685,CUST_00328,Salary,132349,Closed
ACC_000686,CUST_00328,Current,3342149,Dormant
ACC_000687,CUST_00329,Current,4731824,Active
ACC_000688,CUST_00329,Business,4535566,Active
ACC_000689,CUST_00330,Current,658899,Active
ACC_000690,CUST_00330,Salary,451438,Active
ACC_000691,CUST_00330,Current,638687,Active
ACC_000692,CUST_00331,Business,2738845,Active
ACC_000693,CUST_00331,Salary,3780488,Active
ACC_000694,CUST_00331,Salary,4640216,Dormant
ACC_000695,CUST_00332,Current,4915676,Active
ACC_000696,CUST_00332,Savings,2478822,Active
ACC_000697,CUST_00333,Savings,689184,Active
ACC_000698,CUST_00333,Business,1295168,Active
ACC_000699,CUST_00333,Salary,3026772,Active
ACC_000700,CUST_00334,Salary,3731714,Active
ACC_000701,CUST_00335,Savings,1112549,Active
ACC_000702,CUST_00335,Business,3766173,Active
ACC_000703,CUST_00336,Business,867483,Active
ACC_000704,CUST_00336,Salary,4650132,Active
ACC_000705,CUST_00336,Salary,3232609,Active
ACC_000706,CUST_00337,Business,711511,Active
ACC_000707,CUST_00337,Current,4798951,Active
ACC_000708,CUST_00338,Business,1422883,Active
ACC_000709,CUST_00338,Salary,2252559,Active
ACC_000710,CUST_00338,Savings,1403637,Active
ACC_000711,CUST_00339,Salary,4063026,Active
ACC_000712,CUST_00339,Salary,2112410,Dormant
ACC_000713,CUST_00340,Business,4982209,Active
ACC_000714,CUST_00340,Business,898349,Active
ACC_000715,CUST_00340,Savings,3320304,Active
ACC_000716,CUST_00341,Business,2765396,Active
ACC_000717,CUST_00341,Business,4987129,Active
ACC_000718,CUST_00341,Salary,1685864,Active
ACC_000719,CUST_00342,Business,2678120,Active
ACC_000720,CUST_00343,Business,4831825,Active
ACC_000721,CUST_00343,Salary,3155580,Active
ACC_000722,CUST_00343,Business,3062972,Active
ACC_000723,CUST_00344,Current,4968960,Closed
ACC_000724,CUST_00344,Current,4615566,Active
ACC_000725,CUST_00344,Business,1759658,Active
ACC_000726,CUST_00345,Savings,3433128,Active
ACC_000727,CUST_00345,Current,2541344,Active
ACC_000728,CUST_00346,Current,3550454,Active
ACC_000729,CUST_00346,Savings,3768044,Closed
ACC_000730,CUST_00346,Business,4885216,Active
ACC_000731,CUST_00347,Business,4561426,Active
ACC_000732,CUST_00347,Salary,4504893,Active
ACC_000733,CUST_00347,Savings,918457,Active
ACC_000734,CUST_00348,Salary,1396348,Active
ACC_000735,CUST_00348,Savings,4725634,Closed
ACC_000736,CUST_00348,Business,2782634,Closed
ACC_000737,CUST_00349,Savings,89481,Active
ACC_000738,CUST_00349,Current,4284862,Active
ACC_000739,CUST_00350,Current,3740461,Active
ACC_000740,CUST_00350,Business,4938450,Active
ACC_000741,CUST_00350,Current,2894796,Closed
ACC_000742,CUST_00351,Savings,2479265,Active
ACC_000743,CUST_00351,Savings,974660,Active
ACC_000744,CUST_00352,Current,2922992,Active
ACC_000745,CUST_00352,Business,1736328,Active
ACC_000746,CUST_00352,Salary,3995340,Active
ACC_000747,CUST_00353,Business,2676206,Active
ACC_000748,CUST_00353,Savings,966405,Active
ACC_000749,CUST_00353,Salary,918400,Active
ACC_000750,CUST_00354,Current,4329470,Active
ACC_000751,CUST_00355,Salary,4697353,Active
ACC_000752,CUST_00356,Current,3398784,Active
ACC_000753,CUST_00356,Current,3626006,Active
ACC_000754,CUST_00357,Current,3772308,Active
ACC_000755,CUST_00357,Business,38329,Active
ACC_000756,CUST_00357,Current,2335925,Active
ACC_000757,CUST_00358,Savings,4504751,Active
ACC_000758,CUST_00359,Current,3839211,Active
ACC_000759,CUST_00359,Business,4427794,Closed
ACC_000760,CUST_00360,Business,3293897,Active
ACC_000761,CUST_00360,Salary,2953663,Active
ACC_000762,CUST_00361,Current,2496148,Dormant
ACC_000763,CUST_00361,Savings,1124635,Active
ACC_000764,CUST_00361,Current,2562713,Active
ACC_000765,CUST_00362,Current,4286109,Active
ACC_000766,CUST_00362,Current,4822822,Active
ACC_000767,CUST_00363,Business,4508864,Active
ACC_000768,CUST_00364,Current,4655944,Active
ACC_000769,CUST_00364,Salary,1177892,Active
ACC_000770,CUST_00364,Business,450723,Dormant
ACC_000771,CUST_00365,Business,1146336,Active
ACC_000772,CUST_00366,Business,3433067,Active
ACC_000773,CUST_00366,Business,3724298,Active
ACC_000774,CUST_00367,Savings,1850935,Active
ACC_000775,CUST_00368,Current,4510787,Active
ACC_000776,CUST_00368,Business,4746019,Active
ACC_000777,CUST_00369,Savings,4805273,Active
ACC_000778,CUST_00369,Salary,4547989,Active
ACC_000779,CUST_00370,Business,4584143,Active
ACC_000780,CUST_00371,Savings,2077445,Active
ACC_000781,CUST_00371,Savings,3773628,Active
ACC_000782,CUST_00372,Business,985705,Active
ACC_000783,CUST_00373,Current,4932863,Active
ACC_000784,CUST_00374,Business,1393354,Active
ACC_000785,CUST_00374,Current,1736961,Active
ACC_000786,CUST_00374,Salary,4466094,Active
ACC_000787,CUST_00375,Current,2716003,Closed
ACC_000788,CUST_00375,Salary,2428103,Active
ACC_000789,CUST_00375,Savings,1138402,Closed
ACC_000790,CUST_00376,Savings,2327358,Dormant
ACC_000791,CUST_00376,Current,1114091,Active
ACC_000792,CUST_00377,Salary,2077639,Active
ACC_000793,CUST_00377,Business,4106877,Active
ACC_000794,CUST_00377,Salary,3475771,Active
ACC_000795,CUST_00378,Savings,3380357,Active
ACC_000796,CUST_00379,Salary,3815263,Closed
ACC_000797,CUST_00379,Salary,4882796,Active
ACC_000798,CUST_00380,Savings,3846751,Active
ACC_000799,CUST_00380,Salary,532256,Active
ACC_000800,CUST_00380,Business,1828289,Closed
ACC_000801,CUST_00381,Business,2253650,Active
ACC_000802,CUST_00382,Salary,4592173,Active
ACC_000803,CUST_00382,Business,2884496,Dormant
ACC_000804,CUST_00383,Savings,836293,Active
ACC_000805,CUST_00384,Savings,1043176,Dormant
ACC_000806,CUST_00384,Current,3702774,Active
ACC_000807,CUST_00385,Current,1107567,Dormant
ACC_000808,CUST_00385,Salary,1334599,Dormant
ACC_000809,CUST_00386,Savings,3024551,Active
ACC_000810,CUST_00386,Salary,1389525,Active
ACC_000811,CUST_00387,Salary,1965140,Active
ACC_000812,CUST_00387,Savings,799458,Active
ACC_000813,CUST_00387,Business,654797,Active
ACC_000814,CUST_00388,Business,78904,Active
ACC_000815,CUST_00389,Savings,3543626,Active
ACC_000816,CUST_00389,Business,595150,Active
ACC_000817,CUST_00390,Savings,866717,Active
ACC_000818,CUST_00391,Current,3211496,Active
ACC_000819,CUST_00391,Current,1199338,Active
ACC_000820,CUST_00392,Savings,1377709,Active
ACC_000821,CUST_00392,Current,1270818,Dormant
ACC_000822,CUST_00392,Business,1823380,Active
ACC_000823,CUST_00393,Current,1034117,Active
ACC_000824,CUST_00394,Salary,3602973,Active
ACC_000825,CUST_00394,Current,2079582,Active
ACC_000826,CUST_00395,Current,4643227,Active
ACC_000827,CUST_00396,Salary,226019,Active
ACC_000828,CUST_00396,Salary,1724403,Active
ACC_000829,CUST_00396,Current,3287245,Active
ACC_000830,CUST_00397,Current,4152419,Active
ACC_000831,CUST_00398,Business,4983244,Active
ACC_000832,CUST_00399,Salary,2655765,Active
ACC_000833,CUST_00400,Business,3066301,Active
ACC_000834,CUST_00400,Current,3952157,Closed
ACC_000835,CUST_00400,Savings,141000,Active
ACC_000836,CUST_00401,Salary,1810782,Active
ACC_000837,CUST_00402,Business,4250757,Active
ACC_000838,CUST_00403,Business,3554206,Active
ACC_000839,CUST_00403,Savings,4502031,Active
ACC_000840,CUST_00403,Current,2328568,Active
ACC_000841,CUST_00404,Current,1304397,Active
ACC_000842,CUST_00405,Savings,2602890,Active
ACC_000843,CUST_00405,Current,486750,Active
ACC_000844,CUST_00406,Savings,3804158,Active
ACC_000845,CUST_00406,Savings,2595513,Active
ACC_000846,CUST_00407,Current,1002960,Active
ACC_000847,CUST_00407,Current,96215,Active
ACC_000848,CUST_00407,Salary,4388286,Active
ACC_000849,CUST_00408,Salary,1401586,Active
ACC_000850,CUST_00408,Salary,991331,Active
ACC_000851,CUST_00408,Savings,2811276,Active
ACC_000852,CUST_00409,Savings,2206781,Active
ACC_000853,CUST_00409,Savings,4162987,Active
ACC_000854,CUST_00410,Savings,4192032,Dormant
ACC_000855,CUST_00410,Current,3085388,Active
ACC_000856,CUST_00411,Savings,1916995,Active
ACC_000857,CUST_00412,Savings,104079,Active
ACC_000858,CUST_00413,Salary,3213664,Dormant
ACC_000859,CUST_00413,Current,297651,Active
ACC_000860,CUST_00414,Business,1884370,Active
ACC_000861,CUST_00414,Business,2684810,Active
ACC_000862,CUST_00414,Savings,4795391,Active
ACC_000863,CUST_00415,Savings,1505449,Active
ACC_000864,CUST_00415,Savings,3364201,Active
ACC_000865,CUST_00415,Business,2369161,Active
ACC_000866,CUST_00416,Salary,725654,Active
ACC_000867,CUST_00416,Savings,3095719,Active
ACC_000868,CUST_00417,Salary,2035942,Active
ACC_000869,CUST_00417,Business,1640322,Active
ACC_000870,CUST_00417,Current,1264042,Active
ACC_000871,CUST_00418,Savings,1955526,Active
ACC_000872,CUST_00418,Savings,2811329,Active
ACC_000873,CUST_00419,Business,2580586,Active
ACC_000874,CUST_00419,Current,3522670,Active
ACC_000875,CUST_00419,Savings,1195315,Active
ACC_000876,CUST_00420,Savings,1942732,Dormant
ACC_000877,CUST_00421,Business,3125689,Active
ACC_000878,CUST_00421,Savings,4872857,Active
ACC_000879,CUST_00421,Current,3309058,Active
ACC_000880,CUST_00422,Savings,3649900,Active
ACC_000881,CUST_00422,Current,1987185,Active
ACC_000882,CUST_00422,Salary,3297325,Active
ACC_000883,CUST_00423,Salary,2669061,Active
ACC_000884,CUST_00423,Current,627523,Dormant
ACC_000885,CUST_00423,Current,4905886,Active
ACC_000886,CUST_00424,Current,3772239,Active
ACC_000887,CUST_00425,Savings,4496660,Active
ACC_000888,CUST_00425,Current,3791955,Active
ACC_000889,CUST_00426,Savings,759505,Active
ACC_000890,CUST_00426,Salary,339310,Active
ACC_000891,CUST_00427,Current,766149,Active
ACC_000892,CUST_00427,Salary,3324939,Active
ACC_000893,CUST_00428,Salary,2183437,Active
ACC_000894,CUST_00428,Current,261735,Closed
ACC_000895,CUST_00428,Business,4664678,Active
ACC_000896,CUST_00429,Savings,3876899,Active
ACC_000897,CUST_00430,Savings,101301,Active
ACC_000898,CUST_00431,Current,1663060,Active
ACC_000899,CUST_00432,Savings,4885886,Active
ACC_000900,CUST_00432,Savings,183873,Closed
ACC_000901,CUST_00433,Business,1081381,Active
ACC_000902,CUST_00434,Savings,359162,Dormant
ACC_000903,CUST_00434,Savings,1410195,Dormant
ACC_000904,CUST_00435,Business,4162809,Active
ACC_000905,CUST_00435,Business,1450611,Active
ACC_000906,CUST_00436,Salary,2348590,Active
ACC_000907,CUST_00437,Savings,2062792,Active
ACC_000908,CUST_00438,Business,4620511,Active
ACC_000909,CUST_00438,Savings,2347931,Active
ACC_000910,CUST_00439,Current,4411848,Active
ACC_000911,CUST_00439,Savings,3209626,Active
ACC_000912,CUST_00440,Business,4568746,Active
ACC_000913,CUST_00440,Salary,4746025,Active
ACC_000914,CUST_00441,Salary,1509404,Active
ACC_000915,CUST_00441,Current,246815,Dormant
ACC_000916,CUST_00442,Savings,3957775,Active
ACC_000917,CUST_00442,Current,1340029,Active
ACC_000918,CUST_00443,Current,2236790,Active
ACC_000919,CUST_00443,Savings,1841557,Active
ACC_000920,CUST_00443,Business,2977316,Dormant
ACC_000921,CUST_00444,Current,1985334,Active
ACC_000922,CUST_00445,Salary,4963385,Active
ACC_000923,CUST_00445,Salary,4762804,Active
ACC_000924,CUST_00445,Current,4130097,Active
ACC_000925,CUST_00446,Business,319462,Active
ACC_000926,CUST_00447,Current,168168,Active
ACC_000927,CUST_00448,Salary,1691005,Active
ACC_000928,CUST_00449,Current,2715459,Active
ACC_000929,CUST_00449,Current,4921834,Active
ACC_000930,CUST_00450,Savings,4415881,Dormant
ACC_000931,CUST_00451,Salary,3319496,Active
ACC_000932,CUST_00452,Salary,2707191,Active
ACC_000933,CUST_00452,Current,3665717,Active
ACC_000934,CUST_00453,Salary,1462317,Active
ACC_000935,CUST_00453,Salary,1873649,Active
ACC_000936,CUST_00454,Business,2574819,Active
ACC_000937,CUST_00455,Current,1491725,Active
ACC_000938,CUST_00455,Business,4761390,Active
ACC_000939,CUST_00456,Salary,1854003,Active
ACC_000940,CUST_00456,Savings,4163301,Active
ACC_000941,CUST_00456,Savings,1997454,Active
ACC_000942,CUST_00457,Current,745287,Active
ACC_000943,CUST_00457,Salary,3747603,Active
ACC_000944,CUST_00458,Current,569703,Active
ACC_000945,CUST_00459,Savings,404890,Active
ACC_000946,CUST_00460,Business,1396347,Dormant
ACC_000947,CUST_00460,Business,3177871,Active
ACC_000948,CUST_00460,Business,851844,Active
ACC_000949,CUST_00461,Current,1365461,Active
ACC_000950,CUST_00461,Savings,2474872,Active
ACC_000951,CUST_00461,Salary,879497,Active
ACC_000952,CUST_00462,Business,1350764,Active
ACC_000953,CUST_00463,Savings,2835934,Active
ACC_000954,CUST_00463,Business,260989,Active
ACC_000955,CUST_00463,Current,3643336,Active
ACC_000956,CUST_00464,Salary,1725282,Closed
ACC_000957,CUST_00465,Salary,2362586,Active
ACC_000958,CUST_00465,Savings,417372,Active
ACC_000959,CUST_00466,Business,1289405,Active
ACC_000960,CUST_00466,Savings,3588018,Active
ACC_000961,CUST_00466,Business,1675993,Active
ACC_000962,CUST_00467,Current,2448891,Closed
ACC_000963,CUST_00468,Savings,2587655,Active
ACC_000964,CUST_00468,Business,4103841,Dormant
ACC_000965,CUST_00469,Savings,4565459,Active
ACC_000966,CUST_00469,Salary,3200794,Active
ACC_000967,CUST_00470,Savings,2209686,Active
ACC_000968,CUST_00470,Salary,1898857,Active
ACC_000969,CUST_00471,Savings,1268775,Active
ACC_000970,CUST_00471,Savings,719965,Active
ACC_000971,CUST_00471,Business,4947983,Active
ACC_000972,CUST_00472,Business,4384737,Active
ACC_000973,CUST_00473,Business,4805275,Dormant
ACC_000974,CUST_00473,Business,2507953,Active
ACC_000975,CUST_00473,Savings,4212932,Active
ACC_000976,CUST_00474,Current,1009997,Dormant
ACC_000977,CUST_00474,Business,1451213,Dormant
ACC_000978,CUST_00474,Current,1778463,Active
ACC_000979,CUST_00475,Savings,3552526,Active
ACC_000980,CUST_00476,Business,1694821,Closed
ACC_000981,CUST_00476,Current,4992621,Active
ACC_000982,CUST_00476,Savings,731039,Active
ACC_000983,CUST_00477,Salary,2317940,Active
ACC_000984,CUST_00477,Savings,4929945,Active
ACC_000985,CUST_00478,Savings,3477594,Active
ACC_000986,CUST_00478,Savings,887129,Active
ACC_000987,CUST_00479,Salary,4494219,Dormant
ACC_000988,CUST_00480,Salary,3214201,Active
ACC_000989,CUST_00480,Business,315284,Active
ACC_000990,CUST_00481,Current,3370870,Active
ACC_000991,CUST_00481,Salary,1993959,Active
ACC_000992,CUST_00482,Salary,3125259,Active
ACC_000993,CUST_00482,Salary,2609431,Active
ACC_000994,CUST_00483,Savings,1913245,Active
ACC_000995,CUST_00483,Business,2692638,Active
ACC_000996,CUST_00484,Savings,1577518,Active
ACC_000997,CUST_00484,Business,4064947,Active
ACC_000998,CUST_00485,Savings,4323395,Active
ACC_000999,CUST_00485,Savings,2610889,Active
ACC_001000,CUST_00486,Current,4399031,Dormant
ACC_001001,CUST_00486,Savings,1458414,Active
ACC_001002,CUST_00487,Savings,2093876,Active
ACC_001003,CUST_00488,Salary,1671253,Active
ACC_001004,CUST_00489,Business,1040120,Active
ACC_001005,CUST_00489,Current,3125477,Active
ACC_001006,CUST_00490,Current,3982084,Active
ACC_001007,CUST_00490,Salary,2888769,Active
ACC_001008,CUST_00491,Savings,2392335,Active
ACC_001009,CUST_00491,Savings,1367566,Dormant
ACC_001010,CUST_00492,Current,1889376,Active
ACC_001011,CUST_00493,Business,4306715,Active
ACC_001012,CUST_00493,Savings,3978015,Dormant
ACC_001013,CUST_00494,Current,71998,Active
ACC_001014,CUST_00494,Salary,2311042,Active
ACC_001015,CUST_00494,Business,2926184,Active
ACC_001016,CUST_00495,Business,2535576,Active
ACC_001017,CUST_00496,Business,4904033,Active
ACC_001018,CUST_00496,Salary,4710843,Active
ACC_001019,CUST_00496,Salary,2504797,Active
ACC_001020,CUST_00497,Savings,2821951,Closed
ACC_001021,CUST_00497,Salary,2323679,Active
ACC_001022,CUST_00498,Salary,1581078,Active
ACC_001023,CUST_00498,Current,477260,Active
ACC_001024,CUST_00498,Business,2681879,Active
ACC_001025,CUST_00499,Savings,4173265,Closed
ACC_001026,CUST_00499,Salary,3512183,Active
ACC_001027,CUST_00499,Savings,4891757,Active
ACC_001028,CUST_00500,Current,2879693,Active
ACC_001029,CUST_00500,Current,4485844,Active
ACC_001030,CUST_00500,Business,3008291,Active
